# Blender v2.91.0 OBJ File: 'OpenEndedWrench.blend'
# www.blender.org
mtllib OpenEndedWrench.mtl
o OpenEndedWrench
v -2.771970 0.244922 -0.151839
v -2.563704 0.244922 0.598108
v -1.761458 0.245058 0.493070
v -2.031002 0.245058 -0.475536
v -2.183913 0.244922 0.674579
v -2.485998 0.244922 -0.413197
v -2.216371 0.244922 -0.499014
v -1.906765 0.244922 0.607861
v -2.384839 0.244922 0.654998
v -2.648054 0.244922 -0.292813
v -2.420199 0.244922 -0.176265
v -2.249711 0.244922 0.437647
v -2.136215 0.244922 -0.144564
v -2.022740 0.244922 0.264049
v -2.599882 0.244922 -0.108588
v -2.438561 0.244922 0.472314
v -2.377915 0.244922 -0.463805
v -2.303304 0.244922 -0.195138
v -2.065212 0.244922 0.662207
v -2.139823 0.244922 0.393540
v -1.990645 0.244922 0.644910
v -2.074390 0.244922 0.344053
v -2.305666 0.244922 -0.487453
v -2.221723 0.244922 -0.186479
v -2.010612 0.244922 0.040618
v -1.997011 0.244922 0.151107
v -2.055932 0.244922 -0.061062
v -1.630612 0.315292 0.026639
v -1.627656 0.315294 0.126700
v -1.726885 0.315294 -0.230610
v -1.820500 0.320908 0.086997
v -1.807254 0.320908 0.216787
v -1.927305 0.320908 -0.215190
v -1.677819 0.315292 -0.143351
v -1.646310 0.315290 -0.060551
v -1.871639 0.320908 -0.097151
v -1.839288 0.320908 -0.006960
v -2.799009 0.244922 -0.065146
v -2.755686 0.244922 -0.050689
v -2.795182 0.244922 -0.042221
v -2.601888 0.244922 0.503058
v -2.631552 0.244922 0.537784
v -2.640030 0.244922 0.516204
v -1.780663 0.253786 -0.379102
v -1.714462 0.290428 -0.318053
v -1.714481 0.273083 -0.350147
v -1.722042 0.235319 -0.359266
v -1.736224 0.285502 -0.348974
v -1.692991 0.278115 -0.321616
v -1.571892 0.290429 0.196586
v -1.597050 0.253781 0.282111
v -1.551298 0.278116 0.195761
v -1.554925 0.273073 0.229297
v -1.574549 0.285499 0.233887
v -1.556025 0.235294 0.239042
v -1.656820 0.291313 -0.241317
v -1.635207 0.278962 -0.245007
v -1.561991 0.291313 0.100578
v -1.540797 0.278963 0.097530
v -1.575742 0.291295 -0.079799
v -1.554324 0.278953 -0.083499
v -1.561189 0.291301 0.006481
v -1.539857 0.278956 0.002721
v -1.607737 0.291301 -0.161234
v -1.586194 0.278956 -0.164887
v -2.384937 0.298826 0.654096
v -2.394011 0.319932 0.614654
v -2.385561 0.313670 0.648314
v -2.541545 0.319444 0.583915
v -2.563024 0.298826 0.597562
v -2.558805 0.313670 0.593864
v -2.755512 0.298754 -0.051760
v -2.754188 0.319046 -0.084679
v -2.798069 0.298754 -0.065600
v -2.754520 0.313219 -0.058852
v -2.791653 0.310786 -0.047099
v -2.791831 0.313219 -0.068473
v -2.794760 0.298538 -0.042761
v -2.745656 0.319444 -0.151026
v -2.771099 0.298826 -0.151672
v -2.765558 0.313670 -0.150530
v -2.472132 0.319932 -0.363269
v -2.485735 0.298826 -0.412254
v -2.484055 0.313670 -0.406204
v -2.420475 0.298826 -0.177257
v -2.434308 0.319932 -0.227068
v -2.422241 0.313670 -0.183618
v -1.838113 0.299572 -0.390890
v -1.789459 0.314483 -0.330613
v -1.811425 0.309448 -0.366928
v -2.009717 0.319972 -0.410608
v -2.034470 0.299410 -0.473358
v -2.032634 0.313965 -0.465855
v -2.600940 0.298753 0.503832
v -2.630354 0.298754 0.537912
v -2.582838 0.319045 0.531489
v -2.639004 0.298538 0.516638
v -2.633853 0.310784 0.518807
v -2.623265 0.313218 0.537662
v -2.595931 0.313213 0.509139
v -1.640308 0.299572 0.321384
v -1.629702 0.314483 0.244639
v -1.629798 0.309448 0.287086
v -1.776798 0.319972 0.426512
v -1.765554 0.299410 0.492992
v -1.767858 0.313965 0.485615
v -2.216099 0.298826 -0.498116
v -2.194201 0.319932 -0.431926
v -2.214357 0.313670 -0.492351
v -2.065471 0.298826 0.661277
v -2.080484 0.319932 0.607215
v -2.067127 0.313670 0.655313
v -2.197777 0.319932 0.624656
v -2.184175 0.298826 0.673636
v -2.185854 0.313670 0.667588
v -2.647672 0.298826 -0.291990
v -2.635109 0.319932 -0.253511
v -2.645225 0.313670 -0.286711
v -2.235602 0.319932 0.488451
v -2.249436 0.298826 0.438638
v -2.247669 0.313670 0.444999
v -2.305411 0.298826 -0.486537
v -2.288356 0.319932 -0.427076
v -2.303773 0.313670 -0.480662
v -1.922751 0.319932 0.539186
v -1.907000 0.298826 0.606953
v -1.908513 0.313670 0.601132
v -2.021944 0.298826 0.264269
v -1.977192 0.320205 0.297411
v -2.016836 0.313670 0.265678
v -2.438145 0.298826 0.473273
v -2.424695 0.319932 0.513910
v -2.435689 0.313668 0.479468
v -2.135646 0.298826 -0.145163
v -2.114648 0.320205 -0.196645
v -2.131996 0.313670 -0.149004
v -1.955952 0.319932 0.136884
v -1.996026 0.298826 0.150830
v -1.989713 0.313670 0.149056
v -2.609499 0.319932 -0.151376
v -2.600068 0.298826 -0.109624
v -2.601301 0.313670 -0.116195
v -2.124201 0.319932 0.449795
v -2.139546 0.298826 0.394539
v -2.137765 0.313670 0.400951
v -2.303581 0.298826 -0.196137
v -2.318926 0.319932 -0.251392
v -2.305362 0.313670 -0.202549
v -2.362641 0.319932 -0.408806
v -2.377656 0.298826 -0.462874
v -2.376000 0.313670 -0.456908
v -2.221846 0.298826 -0.187418
v -2.236651 0.319932 -0.247288
v -2.222638 0.313670 -0.193446
v -1.990900 0.298826 0.643995
v -2.007042 0.319932 0.584319
v -1.992533 0.313670 0.638124
v -2.055750 0.319932 0.403805
v -2.074011 0.298826 0.344922
v -2.071581 0.313670 0.350495
v -2.013419 0.319932 -0.070048
v -2.054945 0.298826 -0.061333
v -2.048621 0.313670 -0.063068
v -2.009590 0.298826 0.040334
v -1.970288 0.319932 0.029420
v -2.003034 0.313670 0.038514
v 1.946067 0.273299 0.223225
v 1.967756 0.229507 0.238035
v 1.963309 0.267037 0.234604
v 1.967777 0.229507 -0.081398
v 1.947291 0.273299 -0.065525
v 1.963463 0.267037 -0.077798
v 1.787982 0.273299 -0.099984
v 1.784509 0.229507 -0.125023
v 1.785204 0.267037 -0.119551
v 1.784469 0.229507 0.281655
v 1.786737 0.273299 0.256615
v 1.784911 0.267037 0.276318
v 2.009214 0.273299 -0.029422
v 2.047022 0.229507 -0.035749
v 2.039669 0.267037 -0.034098
v 2.047016 0.229507 0.192386
v 2.008234 0.273299 0.187197
v 2.039620 0.267037 0.190905
v 2.039324 0.273299 0.078882
v 2.079155 0.229507 0.078323
v 2.071155 0.267037 0.078436
v 2.073329 0.229507 0.135842
v 2.032172 0.273299 0.134138
v 2.065315 0.267037 0.135426
v 2.073332 0.229507 0.020802
v 2.032613 0.273299 0.023619
v 2.065334 0.267037 0.021426
v 1.791524 0.273299 0.208997
v 1.793724 0.267037 0.188147
v 1.795005 0.273299 -0.053686
v 1.797826 0.267037 -0.032897
v 1.885408 0.243070 -0.005722
v 1.915313 0.273572 -0.026342
v 1.888990 0.267037 -0.010524
v 1.949520 0.273299 0.028944
v 1.919722 0.267037 0.032165
v 1.959575 0.273299 0.079997
v 1.922790 0.243070 0.080513
v 1.929646 0.267037 0.080417
v 1.947563 0.273299 0.131134
v 1.911602 0.243070 0.127279
v 1.917664 0.267037 0.128507
v 1.881967 0.243070 0.165237
v 1.910898 0.273572 0.186641
v 1.884898 0.267037 0.170555
v 1.692562 0.229507 -0.129113
v 1.703086 0.273299 -0.100554
v 1.694625 0.267037 -0.123428
v 1.701665 0.273299 0.256713
v 1.692527 0.229507 0.285741
v 1.694360 0.267037 0.280168
v 1.753238 0.243070 0.159103
v 1.722071 0.273572 0.184073
v 1.749236 0.267037 0.163145
v 1.725215 0.243070 0.121356
v 1.690233 0.273299 0.127046
v 1.718896 0.267037 0.122661
v 1.681454 0.273299 0.076801
v 1.709127 0.267037 0.076303
v 1.692253 0.273299 0.026379
v 1.720990 0.267037 0.030076
v 1.726681 0.273572 -0.031212
v 1.753433 0.267037 -0.010071
v 1.847563 0.273299 0.210129
v 1.841801 0.267037 0.191216
v 1.850902 0.273299 -0.052335
v 1.845842 0.267037 -0.033536
v 1.869178 0.229507 -0.111539
v 1.862843 0.273299 -0.090112
v 1.867822 0.267037 -0.106642
v 1.869144 0.229507 0.268174
v 1.861716 0.273299 0.247316
v 1.867574 0.267037 0.263436
v 1.794391 0.102729 0.182085
v 1.798547 0.102729 -0.026655
v 1.885408 0.102729 -0.005722
v 1.913483 0.102729 0.033414
v 1.922790 0.102729 0.080513
v 1.911602 0.102729 0.127279
v 1.715929 0.102729 0.076179
v 1.727101 0.102729 0.031350
v 1.756693 0.102729 -0.005412
v 1.840288 0.102729 0.184762
v 1.844436 0.102729 -0.027240
v -2.485150 0.244922 0.629868
v -2.137997 0.244939 -0.496268
v -2.114724 0.244922 0.670441
v -2.564627 0.244922 -0.360462
v -2.268492 0.244922 -0.495027
v -1.841560 0.244939 0.565436
v -2.278476 0.244922 0.669940
v -2.721043 0.244922 -0.219557
v -2.005349 0.244922 0.209496
v -2.338350 0.244922 0.455684
v -2.505446 0.244922 -0.146013
v -2.185295 0.244922 0.416322
v -2.354012 0.244922 -0.191210
v -2.424583 0.244922 -0.445330
v -2.261278 0.244922 -0.193812
v -2.025799 0.244922 0.654040
v -2.104499 0.244922 0.370733
v -1.954007 0.244922 0.631662
v -2.046626 0.244922 0.309036
v -2.340004 0.244922 -0.477134
v -2.179878 0.244922 -0.170792
v -2.028849 0.244922 -0.011450
v -1.999388 0.244922 0.094634
v -2.093184 0.244922 -0.106791
v -1.627970 0.315293 0.072846
v -1.815435 0.320908 0.139871
v -1.709505 0.320206 0.167053
v -1.817832 0.320206 -0.222980
v -1.660156 0.315291 -0.102481
v -1.853664 0.320908 -0.052420
v -1.737097 0.320206 -0.035339
v -1.636553 0.315291 -0.017486
v -1.828164 0.320908 0.039403
v -1.719321 0.320206 0.054051
v -1.699383 0.315293 -0.184305
v -1.894575 0.320908 -0.145066
v -1.767960 0.320206 -0.121095
v -1.677937 0.275476 -0.322218
v -1.698634 0.269979 -0.349388
v -1.707703 0.276210 -0.341005
v -1.706033 0.232480 -0.356990
v -1.719025 0.265281 -0.355811
v -1.736084 0.239725 -0.363184
v -1.744969 0.279396 -0.358520
v -1.724228 0.277500 -0.350272
v -1.729194 0.288475 -0.338280
v -1.702439 0.282402 -0.320402
v -1.536739 0.275478 0.196675
v -1.553976 0.276208 0.219409
v -1.540648 0.269974 0.228476
v -1.560292 0.282402 0.195369
v -1.574078 0.288474 0.221387
v -1.563443 0.277492 0.230956
v -1.577078 0.279390 0.246342
v -1.566661 0.239707 0.247077
v -1.555558 0.265256 0.235274
v -1.541864 0.232462 0.235994
v -2.786206 0.298619 -0.042347
v -2.755062 0.307319 -0.054364
v -2.784390 0.312201 -0.048651
v -2.793438 0.306523 -0.044614
v -2.754147 0.316989 -0.066684
v -2.782941 0.316989 -0.072017
v -2.792353 0.312201 -0.052361
v -2.795815 0.307319 -0.066750
v -2.797652 0.298619 -0.048733
v -2.598891 0.307315 0.505656
v -2.631944 0.298618 0.511728
v -2.636752 0.306522 0.517589
v -2.626748 0.312196 0.516076
v -2.638518 0.298619 0.523291
v -2.627670 0.307319 0.538071
v -2.631844 0.312199 0.523955
v -2.613868 0.316988 0.535848
v -2.591759 0.316985 0.515831
v -2.601770 0.283653 0.503155
v -2.632955 0.244922 0.511126
v -2.639902 0.283626 0.516258
v -2.639657 0.244922 0.522981
v -2.631402 0.283653 0.537800
v -1.549261 0.283259 0.003945
v -1.559809 0.291307 0.051703
v -1.550122 0.283270 0.098366
v -1.538514 0.278959 0.048007
v -1.524987 0.276360 0.002386
v -1.526006 0.276363 0.097455
v -1.687847 0.291206 -0.283251
v -1.644776 0.283270 -0.243807
v -1.666301 0.278858 -0.287023
v -1.620007 0.276362 -0.245268
v -1.566998 0.291207 0.152825
v -1.546032 0.278859 0.151199
v -1.809905 0.288093 -0.383523
v -1.818724 0.304803 -0.376688
v -1.757692 0.298130 -0.348643
v -1.805022 0.312633 -0.355659
v -1.735979 0.303033 -0.316568
v -1.595733 0.283259 -0.163732
v -1.589635 0.291297 -0.121101
v -1.563783 0.283254 -0.082313
v -1.568158 0.278954 -0.124776
v -1.571057 0.276360 -0.165040
v -1.539353 0.276358 -0.083733
v -1.566362 0.291297 -0.037243
v -1.544993 0.278954 -0.040972
v -1.629849 0.291307 -0.200679
v -1.608246 0.278959 -0.204321
v -2.786488 0.244922 -0.041542
v -2.755683 0.283653 -0.050791
v -2.795203 0.283626 -0.042162
v -2.798343 0.244922 -0.048244
v -2.798910 0.283653 -0.065171
v -2.387043 0.317685 0.640166
v -2.485789 0.319848 0.598849
v -2.553371 0.317621 0.589808
v -2.483311 0.313670 0.624054
v -2.385160 0.307546 0.652021
v -2.561477 0.307546 0.596280
v -2.484900 0.298826 0.629087
v -2.753118 0.319738 -0.117473
v -2.758817 0.317621 -0.149908
v -2.787063 0.313613 -0.100873
v -2.769101 0.307546 -0.151279
v -2.793397 0.298817 -0.099689
v -2.565189 0.319737 0.559067
v -2.602674 0.313613 0.562748
v -2.608884 0.298817 0.564612
v -1.630121 0.312633 0.274125
v -1.695830 0.319345 0.330135
v -1.769662 0.317816 0.473445
v -1.691691 0.313843 0.380875
v -1.631019 0.304803 0.299217
v -1.766942 0.308052 0.490372
v -1.689150 0.300216 0.393741
v -2.210651 0.317685 -0.480870
v -2.114203 0.319937 -0.429108
v -2.027886 0.317816 -0.454501
v -2.136256 0.313707 -0.489280
v -2.215474 0.307546 -0.496047
v -2.034306 0.308052 -0.470399
v -2.138169 0.298899 -0.495216
v -1.890258 0.319345 -0.369770
v -1.912886 0.313843 -0.415373
v -1.917341 0.300216 -0.427702
v -2.069925 0.317685 0.645237
v -2.129354 0.319932 0.617761
v -2.188489 0.317685 0.658100
v -2.116652 0.313670 0.663499
v -2.066065 0.307546 0.659137
v -2.184778 0.307546 0.671466
v -2.114984 0.298826 0.669505
v -2.642292 0.317685 -0.278964
v -2.551591 0.319932 -0.314435
v -2.481420 0.317685 -0.396713
v -2.562564 0.313670 -0.353545
v -2.646794 0.307546 -0.290096
v -2.485132 0.307546 -0.410083
v -2.564349 0.298826 -0.359529
v -2.300730 0.317685 -0.469961
v -2.248921 0.319932 -0.430792
v -2.266587 0.313670 -0.488298
v -2.304823 0.307546 -0.484429
v -2.268235 0.298826 -0.494120
v -1.856082 0.319937 0.495789
v -1.911323 0.317685 0.589421
v -1.843699 0.313707 0.558561
v -1.907543 0.307546 0.604864
v -1.842252 0.298899 0.564624
v -2.291039 0.319932 0.623788
v -2.280274 0.313670 0.662953
v -2.278718 0.298826 0.668998
v -2.705592 0.319848 -0.192632
v -2.716465 0.313670 -0.215497
v -2.720424 0.298826 -0.219010
v -1.993761 0.307546 0.150193
v -2.004422 0.298826 0.209409
v -2.020111 0.307546 0.264774
v -1.998479 0.313670 0.208850
v -1.981190 0.317685 0.146326
v -2.009090 0.317714 0.269951
v -1.962217 0.319961 0.200326
v -2.248802 0.307546 0.440921
v -2.338058 0.298826 0.456669
v -2.437213 0.307545 0.475486
v -2.336209 0.313669 0.462995
v -2.244957 0.317685 0.454766
v -2.432816 0.317684 0.488029
v -2.325021 0.319932 0.502640
v -2.424953 0.317685 -0.193384
v -2.518244 0.319932 -0.193116
v -2.603201 0.317685 -0.125013
v -2.507406 0.313670 -0.153381
v -2.421108 0.307546 -0.179539
v -2.600501 0.307546 -0.111999
v -2.505709 0.298826 -0.147008
v -2.138907 0.307546 0.396840
v -2.185019 0.298826 0.417318
v -2.183246 0.313670 0.423702
v -2.134856 0.317685 0.411427
v -2.170370 0.319932 0.470067
v -2.308271 0.317685 -0.213025
v -2.368937 0.319932 -0.244953
v -2.356061 0.313670 -0.198590
v -2.304220 0.307546 -0.198438
v -2.354288 0.298826 -0.192206
v -2.532105 0.298816 0.490047
v -2.528285 0.313609 0.495921
v -2.516282 0.319820 0.523825
v -2.693170 0.319821 -0.112616
v -2.689487 0.313613 -0.082525
v -2.689321 0.298817 -0.075532
v -2.409952 0.319932 -0.392643
v -2.373201 0.317685 -0.446829
v -2.422654 0.313670 -0.438384
v -2.377062 0.307546 -0.460733
v -2.424323 0.298826 -0.444393
v -2.224929 0.317685 -0.204284
v -2.277325 0.319932 -0.252476
v -2.263201 0.313670 -0.201195
v -2.222131 0.307546 -0.189581
v -2.261538 0.298826 -0.194808
v -1.995460 0.317685 0.627398
v -2.041678 0.319932 0.596667
v -2.027699 0.313670 0.647199
v -1.991486 0.307546 0.641888
v -2.026055 0.298826 0.653118
v -2.073139 0.307546 0.346922
v -2.104208 0.298826 0.371720
v -2.102340 0.313670 0.378051
v -2.067946 0.317685 0.360957
v -2.087989 0.319932 0.429267
v -1.970639 0.319932 0.566709
v -1.955871 0.313670 0.624929
v -1.954259 0.298826 0.630754
v -2.046047 0.298826 0.309616
v -2.042329 0.313670 0.313337
v -2.022136 0.319961 0.366061
v -2.324009 0.319932 -0.419781
v -2.338102 0.313670 -0.470288
v -2.339748 0.298826 -0.476210
v -2.127590 0.317714 -0.156661
v -2.188542 0.319961 -0.232288
v -2.178414 0.313670 -0.176693
v -2.134336 0.307546 -0.146541
v -2.179681 0.298826 -0.171588
v -2.052676 0.307546 -0.061956
v -2.027819 0.298826 -0.011695
v -2.007238 0.307546 0.039681
v -2.021212 0.313670 -0.013265
v -2.039911 0.317685 -0.065124
v -1.994472 0.317685 0.036136
v -1.987631 0.319932 -0.020905
v -1.998380 0.298826 0.094313
v -1.991910 0.313670 0.092251
v -1.959198 0.319932 0.081481
v -2.092345 0.298826 -0.107194
v -2.086965 0.313670 -0.109779
v -2.051527 0.319961 -0.121175
v -1.591118 0.303033 0.205200
v -1.593178 0.298129 0.243832
v -1.619927 0.288092 0.300574
v 2.030657 0.271052 0.189432
v 1.983921 0.273299 0.207645
v 1.958123 0.271052 0.230844
v 2.006960 0.267037 0.214547
v 2.044362 0.258078 0.191854
v 1.966160 0.258078 0.236804
v 2.013066 0.229507 0.216981
v 2.055711 0.271052 0.134981
v 2.023116 0.273299 0.161865
v 2.057354 0.267037 0.163984
v 2.070454 0.258078 0.135692
v 2.065290 0.229507 0.164812
v 1.958502 0.271052 -0.073811
v 1.984949 0.273299 -0.049964
v 2.030850 0.271052 -0.032388
v 2.007056 0.267037 -0.057743
v 1.966229 0.258078 -0.080106
v 2.044383 0.258078 -0.035156
v 2.013079 0.229507 -0.060344
v 1.697089 0.271052 -0.116694
v 1.748138 0.273299 -0.100347
v 1.786025 0.271052 -0.113376
v 1.741397 0.267037 -0.121882
v 1.693303 0.258078 -0.127073
v 1.784758 0.258078 -0.123059
v 1.739726 0.229507 -0.127495
v 2.055794 0.271052 0.022126
v 2.037661 0.273299 0.051366
v 2.061724 0.271052 0.078569
v 2.069632 0.267037 0.050020
v 2.070462 0.258078 0.021026
v 2.076284 0.258078 0.078364
v 2.077630 0.229507 0.049674
v 2.037471 0.273299 0.106388
v 2.069622 0.267037 0.106848
v 2.077629 0.229507 0.106972
v 2.023878 0.273299 -0.004072
v 2.057381 0.267037 -0.007157
v 2.065294 0.229507 -0.008172
v 1.693184 0.258078 0.283741
v 1.739686 0.229507 0.284125
v 1.784628 0.258078 0.279739
v 1.741095 0.267037 0.278635
v 1.696523 0.271052 0.273437
v 1.785440 0.271052 0.270218
v 1.746684 0.273299 0.256655
v 1.840831 0.259773 0.187092
v 1.817319 0.243070 0.186176
v 1.794151 0.259773 0.184274
v 1.817955 0.267037 0.192583
v 1.843552 0.271052 0.197957
v 1.792995 0.271052 0.194862
v 1.819881 0.273299 0.212445
v 1.755523 0.259773 -0.007092
v 1.798288 0.259773 -0.028908
v 1.774678 0.267037 -0.024092
v 1.748354 0.271081 -0.015575
v 1.796982 0.271052 -0.039727
v 1.766008 0.273328 -0.045957
v 1.844940 0.259773 -0.029513
v 1.886693 0.259773 -0.007453
v 1.868473 0.267037 -0.024966
v 1.847432 0.271052 -0.040155
v 1.894343 0.271081 -0.015635
v 1.879336 0.273328 -0.042845
v 1.889749 0.271081 0.176064
v 1.932192 0.273328 0.157986
v 1.925532 0.271052 0.129669
v 1.903272 0.267037 0.151292
v 1.883019 0.259773 0.167154
v 1.913777 0.259773 0.127722
v 1.956528 0.273299 0.105250
v 1.938059 0.271052 0.080298
v 1.926469 0.267037 0.104642
v 1.925251 0.259773 0.080479
v 1.957375 0.273299 0.054728
v 1.927698 0.271052 0.030915
v 1.927445 0.267037 0.056138
v 1.915722 0.259773 0.032964
v 1.935603 0.273328 0.002394
v 1.906516 0.267037 0.009226
v 1.901494 0.243070 0.012213
v 1.751802 0.259773 0.160561
v 1.770343 0.267037 0.178098
v 1.743578 0.271081 0.168182
v 1.761680 0.273328 0.199812
v 1.737160 0.243070 0.141637
v 1.722947 0.259773 0.121826
v 1.731769 0.267037 0.144222
v 1.711007 0.271052 0.124096
v 1.702416 0.273328 0.152608
v 1.718044 0.243070 0.099211
v 1.713488 0.259773 0.076224
v 1.711318 0.267037 0.099762
v 1.701033 0.271052 0.076450
v 1.683380 0.273299 0.101942
v 1.718999 0.243070 0.053239
v 1.724908 0.259773 0.030891
v 1.712306 0.267037 0.052905
v 1.713234 0.271052 0.028749
v 1.684246 0.273299 0.051670
v 1.735088 0.267037 0.008531
v 1.705964 0.273328 0.000306
v 1.862165 0.243070 0.177684
v 1.864239 0.267037 0.183950
v 1.875241 0.273328 0.202073
v 1.821550 0.243070 -0.029720
v 1.821924 0.267037 -0.036127
v 1.822970 0.273299 -0.055886
v 1.866275 0.271052 -0.101239
v 1.904615 0.273299 -0.079148
v 1.915045 0.267037 -0.094223
v 1.868691 0.258078 -0.109782
v 1.917751 0.229507 -0.098590
v 1.865771 0.271052 0.258191
v 1.823800 0.273299 0.253869
v 1.825542 0.267037 0.271619
v 1.868581 0.258078 0.266474
v 1.826066 0.229507 0.276720
v 1.824916 0.273299 -0.096948
v 1.825817 0.267037 -0.114838
v 1.826104 0.229507 -0.120086
v 1.903385 0.273299 0.236666
v 1.914838 0.267037 0.251026
v 1.917723 0.229507 0.255227
v 1.866065 0.102729 -0.019104
v 1.898753 0.102729 0.148009
v 1.772660 0.102729 0.172842
v 1.718044 0.102729 0.099211
v 1.739911 0.102729 0.011470
v -2.771861 0.283662 -0.151818
v -2.794396 0.244922 -0.099477
v -2.689312 0.244922 -0.074419
v -2.599905 0.283662 -0.108718
v -2.438509 0.283662 0.472434
v -2.532801 0.244922 0.489154
v -2.609916 0.244922 0.564810
v -2.563618 0.283662 0.598040
v -1.901859 0.246222 -0.430205
v -2.032903 0.284058 -0.474908
v -1.677715 0.303876 -0.236882
v -1.760310 0.315194 -0.284335
v -1.674582 0.246222 0.387948
v -1.582278 0.303876 0.106824
v -1.628591 0.315194 0.189961
v -1.763411 0.284058 0.493512
v -1.628628 0.303868 -0.155903
v -1.581973 0.303868 0.012110
v -1.596681 0.303864 -0.074290
v -2.384851 0.283662 0.654885
v -2.216677 0.320664 0.556598
v -2.409145 0.320664 0.564350
v -2.183946 0.283662 0.674461
v -2.622142 0.320664 -0.202609
v -2.648006 0.283662 -0.292710
v -2.485965 0.283662 -0.413079
v -2.340801 0.320664 -0.330162
v -2.453232 0.320664 -0.295212
v -2.377883 0.283662 -0.463688
v -2.420233 0.283662 -0.176389
v -2.303339 0.283662 -0.195263
v -1.971128 0.320791 -0.317495
v -2.027756 0.320836 -0.207698
v -2.158113 0.320714 -0.325181
v -2.216337 0.283662 -0.498902
v -1.791900 0.320791 0.326936
v -1.897054 0.320836 0.262082
v -1.947486 0.320714 0.429517
v -1.906794 0.283662 0.607747
v -2.305634 0.283662 -0.487338
v -2.262384 0.320664 -0.337203
v -2.065245 0.283662 0.662090
v -1.990677 0.283662 0.644796
v -2.031284 0.320664 0.494020
v -2.102325 0.320664 0.528568
v -2.249677 0.283662 0.437770
v -2.139789 0.283662 0.393665
v -1.996888 0.283662 0.151072
v -2.022641 0.283662 0.264076
v -1.902332 0.320786 0.116311
v -2.074342 0.283662 0.344162
v -2.136144 0.283662 -0.144639
v -2.055808 0.283662 -0.061096
v -2.221738 0.283662 -0.186596
v -1.956869 0.320786 -0.080070
v -2.010485 0.283662 0.040583
v -1.919283 0.320786 0.015255
v 1.926120 0.274081 0.209300
v 1.965570 0.274081 0.184995
v 1.854632 0.274031 0.228960
v 1.929043 0.274081 -0.050319
v 1.968271 0.274081 -0.025830
v 1.856880 0.274031 -0.071416
v 1.711117 0.274081 0.225013
v 1.714172 0.274081 -0.070384
v 1.791490 0.274031 -0.076938
v 1.789099 0.274031 0.232904
v 1.990819 0.274031 0.026194
v 1.989592 0.274031 0.132750
v 1.999288 0.274031 0.079442
v 1.962225 0.274073 -0.043012
v -2.339972 0.283662 -0.477018
v -1.702372 0.320099 0.253221
v -2.354047 0.283662 -0.191335
v -2.689315 0.283661 -0.074554
v -1.986876 0.320793 -0.130938
v -1.908049 0.320786 0.064623
v -1.586740 0.303773 0.160201
v -2.268460 0.283662 -0.494914
v -2.485119 0.283662 0.629771
v -2.179853 0.283662 -0.170892
v -2.300669 0.320664 -0.336194
v -2.218362 0.320671 -0.332300
v -1.856178 0.320099 -0.300493
v -2.185261 0.283662 0.416447
v -2.093079 0.283662 -0.106841
v -1.610575 0.303865 -0.115674
v -1.995679 0.320671 0.466846
v -2.389459 0.320664 -0.318851
v -2.064802 0.320664 0.513025
v -1.901788 0.320794 0.175352
v -2.720965 0.283662 -0.219488
v -1.999262 0.283662 0.094594
v -1.841826 0.283712 0.565391
v -2.074894 0.320774 -0.323836
v -2.500749 0.320548 0.561650
v -2.534906 0.320664 -0.253828
v -2.138202 0.283712 -0.496092
v -2.424550 0.283662 -0.445212
v -2.338314 0.283662 0.455807
v -1.877122 0.320774 0.385608
v -1.788867 0.320206 -0.165179
v -2.278506 0.283662 0.669823
v -1.954039 0.283662 0.631549
v -2.149847 0.320664 0.543967
v -2.005233 0.283662 0.209485
v -2.025831 0.283662 0.653925
v -1.726614 0.320206 0.008896
v -2.104463 0.283662 0.370857
v -2.046554 0.283662 0.309109
v -1.714501 0.320206 0.102602
v -1.750926 0.320206 -0.078645
v -2.028720 0.283662 -0.011481
v -2.505479 0.283662 -0.146137
v -2.699246 0.320548 -0.153041
v -2.564592 0.283662 -0.360346
v -1.709039 0.303773 -0.280289
v -2.114757 0.283662 0.670324
v -2.609787 0.283661 0.564785
v -2.532714 0.283661 0.489266
v -1.935114 0.320786 -0.032836
v -2.261311 0.283662 -0.193936
v -2.307995 0.320664 0.563254
v -1.681776 0.285120 0.391230
v 1.889130 0.274038 0.220006
v 1.756782 0.274038 -0.073550
v 1.959872 0.274073 0.201731
v 1.891860 0.274038 -0.061565
v 1.996821 0.274031 0.105832
v -1.650676 0.303872 -0.195538
v 1.753811 0.274038 0.228604
v 1.977778 0.274038 0.160107
v 1.997344 0.274031 0.053042
v 1.979927 0.274038 -0.000952
v 1.823956 0.274031 -0.076575
v -1.909726 0.285120 -0.429345
v -1.587247 0.303865 -0.031668
v -1.580428 0.303872 0.057441
v 1.821857 0.274031 0.233336
v -1.692284 0.273459 -0.341101
v -1.703012 0.261703 -0.354179
v -1.729801 0.270131 -0.357356
v -1.717223 0.280479 -0.340271
v -1.539569 0.273459 0.219760
v -1.562706 0.280477 0.219646
v -1.564412 0.270113 0.239228
v -1.541360 0.261687 0.233187
v -2.785360 0.306864 -0.044659
v -2.783866 0.315353 -0.055647
v -2.795771 0.306864 -0.050249
v -2.629768 0.306861 0.513165
v -2.635972 0.306864 0.523853
v -2.622836 0.315350 0.522066
v -2.632829 0.283636 0.511201
v -2.639514 0.283636 0.523020
v -1.547896 0.283264 0.049199
v -1.523674 0.276361 0.047663
v -1.675798 0.283164 -0.285727
v -1.651247 0.276252 -0.287565
v -1.555231 0.283165 0.151252
v -1.531339 0.276253 0.151765
v -1.767670 0.293782 -0.359501
v -1.750828 0.301149 -0.337544
v -1.577655 0.283255 -0.123606
v -1.553111 0.276359 -0.124967
v -1.554421 0.283255 -0.039768
v -1.530081 0.276359 -0.041254
v -1.617822 0.283264 -0.203170
v -1.593028 0.276361 -0.204462
v -2.786506 0.283636 -0.041552
v -2.798310 0.283636 -0.048215
v -2.482319 0.317669 0.617521
v -2.484326 0.307546 0.627287
v -2.778601 0.317582 -0.103455
v -2.791099 0.307518 -0.100169
v -2.594150 0.317582 0.560443
v -2.606560 0.307518 0.564082
v -1.692726 0.317366 0.368296
v -1.690902 0.308412 0.388182
v -2.132118 0.317701 -0.477796
v -2.137544 0.307610 -0.493053
v -1.907286 0.317366 -0.404066
v -1.915977 0.308412 -0.422038
v -2.119376 0.317685 0.653688
v -2.115583 0.307546 0.667350
v -2.559976 0.317685 -0.344578
v -2.563708 0.307546 -0.357382
v -2.263255 0.317685 -0.477142
v -2.267644 0.307546 -0.492030
v -1.846121 0.317701 0.546613
v -1.842842 0.307610 0.562452
v -2.282680 0.317685 0.653938
v -2.279276 0.307546 0.666829
v -2.712248 0.317669 -0.210414
v -2.719002 0.307546 -0.217751
v -2.002289 0.307546 0.209208
v -1.989952 0.317692 0.207736
v -2.337388 0.307546 0.458938
v -2.333572 0.317685 0.472266
v -2.509920 0.317685 -0.162684
v -2.506317 0.307546 -0.149297
v -2.184383 0.307546 0.419609
v -2.180428 0.317685 0.433848
v -2.358879 0.317685 -0.208736
v -2.354925 0.307546 -0.194497
v -2.530584 0.307515 0.492122
v -2.524707 0.317595 0.503529
v -2.690186 0.317598 -0.090883
v -2.689345 0.307518 -0.078088
v -2.419929 0.317685 -0.428571
v -2.423724 0.307546 -0.442236
v -2.266100 0.317685 -0.211959
v -2.262135 0.307546 -0.197100
v -2.030567 0.317685 0.636849
v -2.026645 0.307546 0.650994
v -2.103538 0.307546 0.373992
v -2.099273 0.317685 0.388767
v -1.958816 0.317685 0.613682
v -1.954837 0.307546 0.628664
v -2.044713 0.307546 0.310951
v -2.037158 0.317692 0.322176
v -2.335219 0.317685 -0.459939
v -2.339157 0.307546 -0.474085
v -2.178570 0.317692 -0.186934
v -2.179226 0.307546 -0.173420
v -2.025448 0.307546 -0.012259
v -2.012512 0.317685 -0.015290
v -1.996058 0.307546 0.093573
v -1.983411 0.317685 0.089500
v -2.090415 0.307546 -0.108122
v -2.079090 0.317692 -0.113223
v -1.593024 0.301149 0.230815
v -1.596124 0.293781 0.258252
v 1.999919 0.271052 0.212025
v 2.010875 0.258078 0.216108
v 2.047665 0.271052 0.163155
v 2.062442 0.258078 0.164515
v 2.000187 0.271052 -0.054999
v 2.010918 0.258078 -0.059411
v 1.743379 0.271052 -0.115364
v 1.740326 0.258078 -0.125481
v 2.060185 0.271052 0.050424
v 2.074760 0.258078 0.049798
v 2.060146 0.271052 0.106705
v 2.074756 0.258078 0.106927
v 2.047800 0.271052 -0.006080
v 2.062454 0.258078 -0.007807
v 1.740192 0.258078 0.282155
v 1.742755 0.271052 0.272146
v 1.817547 0.259773 0.188489
v 1.818629 0.271052 0.199409
v 1.775894 0.259773 -0.020426
v 1.772200 0.271059 -0.030677
v 1.866930 0.259773 -0.021218
v 1.871565 0.271059 -0.031159
v 1.909912 0.271059 0.154428
v 1.900374 0.259773 0.149192
v 1.934825 0.271052 0.104864
v 1.922142 0.259773 0.104504
v 1.935800 0.271052 0.055700
v 1.923104 0.259773 0.056385
v 1.913524 0.271059 0.006277
v 1.903296 0.259773 0.011137
v 1.771829 0.259773 0.174739
v 1.767576 0.271059 0.184334
v 1.735225 0.259773 0.142569
v 1.724495 0.271059 0.147103
v 1.715630 0.259773 0.099409
v 1.703243 0.271052 0.100410
v 1.716598 0.259773 0.053119
v 1.704237 0.271052 0.052524
v 1.738181 0.259773 0.010411
v 1.728234 0.271059 0.005428
v 1.862909 0.259773 0.179944
v 1.867118 0.271059 0.190451
v 1.821684 0.259773 -0.032034
v 1.822310 0.271052 -0.042941
v 1.911898 0.271052 -0.089362
v 1.916780 0.258078 -0.097023
v 1.824967 0.271052 0.265924
v 1.825878 0.258078 0.274889
v 1.825509 0.271052 -0.109026
v 1.826001 0.258078 -0.118203
v 1.911440 0.271052 0.246368
v 1.916688 0.258078 0.253719
v -2.794273 0.283661 -0.099500
v -2.771970 0.100876 -0.151839
v -2.563704 0.100876 0.598108
v -1.761458 0.100740 0.493070
v -2.031002 0.100740 -0.475536
v -2.183913 0.100876 0.674579
v -2.485998 0.100876 -0.413197
v -2.216371 0.100876 -0.499014
v -1.906765 0.100876 0.607861
v -2.384839 0.100876 0.654998
v -2.648054 0.100876 -0.292813
v -2.420199 0.100876 -0.176265
v -2.249711 0.100876 0.437647
v -2.136215 0.100876 -0.144564
v -2.022740 0.100876 0.264049
v -2.599882 0.100876 -0.108588
v -2.438561 0.100876 0.472314
v -2.377915 0.100876 -0.463805
v -2.303304 0.100876 -0.195138
v -2.065212 0.100876 0.662207
v -2.139823 0.100876 0.393540
v -1.990645 0.100876 0.644910
v -2.074390 0.100876 0.344053
v -2.305666 0.100876 -0.487453
v -2.221723 0.100876 -0.186479
v -2.010612 0.100876 0.040618
v -1.997011 0.100876 0.151107
v -2.055932 0.100876 -0.061062
v -1.630612 0.030507 0.026639
v -1.627656 0.030504 0.126700
v -1.726885 0.030504 -0.230610
v -1.820500 0.024890 0.086997
v -1.807254 0.024890 0.216787
v -1.927305 0.024890 -0.215190
v -1.677819 0.030507 -0.143351
v -1.646310 0.030508 -0.060551
v -1.871639 0.024890 -0.097151
v -1.839288 0.024890 -0.006960
v -2.799009 0.100876 -0.065146
v -2.755686 0.100876 -0.050689
v -2.795182 0.100876 -0.042221
v -2.601888 0.100876 0.503058
v -2.631552 0.100876 0.537784
v -2.640030 0.100876 0.516204
v -1.780663 0.092013 -0.379102
v -1.714462 0.055370 -0.318053
v -1.714481 0.072715 -0.350147
v -1.722042 0.110479 -0.359266
v -1.736224 0.060297 -0.348974
v -1.692991 0.067684 -0.321616
v -1.571892 0.055370 0.196586
v -1.597050 0.092017 0.282111
v -1.551298 0.067683 0.195761
v -1.554925 0.072726 0.229297
v -1.574549 0.060300 0.233887
v -1.556025 0.110504 0.239042
v -1.656820 0.054485 -0.241317
v -1.635207 0.066836 -0.245007
v -1.561991 0.054485 0.100578
v -1.540797 0.066836 0.097530
v -1.575742 0.054503 -0.079799
v -1.554324 0.066845 -0.083499
v -1.561189 0.054498 0.006481
v -1.539857 0.066842 0.002721
v -1.607737 0.054498 -0.161234
v -1.586194 0.066842 -0.164887
v -2.384937 0.046972 0.654096
v -2.394011 0.025867 0.614654
v -2.385561 0.032129 0.648314
v -2.541545 0.026355 0.583915
v -2.563024 0.046972 0.597562
v -2.558805 0.032129 0.593864
v -2.755512 0.047044 -0.051760
v -2.754188 0.026752 -0.084679
v -2.798069 0.047044 -0.065600
v -2.754520 0.032580 -0.058852
v -2.791653 0.035013 -0.047099
v -2.791831 0.032580 -0.068473
v -2.794760 0.047260 -0.042761
v -2.745656 0.026355 -0.151026
v -2.771099 0.046972 -0.151672
v -2.765558 0.032129 -0.150530
v -2.472132 0.025867 -0.363269
v -2.485735 0.046972 -0.412254
v -2.484055 0.032129 -0.406204
v -2.420475 0.046972 -0.177257
v -2.434308 0.025867 -0.227068
v -2.422241 0.032129 -0.183618
v -1.838113 0.046227 -0.390890
v -1.789459 0.031316 -0.330613
v -1.811425 0.036350 -0.366928
v -2.009717 0.025827 -0.410608
v -2.034470 0.046388 -0.473358
v -2.032634 0.031834 -0.465855
v -2.600940 0.047046 0.503832
v -2.630354 0.047044 0.537912
v -2.582838 0.026754 0.531489
v -2.639004 0.047261 0.516638
v -2.633853 0.035015 0.518807
v -2.623265 0.032580 0.537662
v -2.595931 0.032586 0.509139
v -1.640308 0.046227 0.321384
v -1.629702 0.031316 0.244639
v -1.629798 0.036350 0.287086
v -1.776798 0.025827 0.426512
v -1.765554 0.046388 0.492992
v -1.767858 0.031834 0.485615
v -2.216099 0.046972 -0.498116
v -2.194201 0.025867 -0.431926
v -2.214357 0.032129 -0.492351
v -2.065471 0.046972 0.661277
v -2.080484 0.025867 0.607215
v -2.067127 0.032129 0.655313
v -2.197777 0.025867 0.624656
v -2.184175 0.046972 0.673636
v -2.185854 0.032129 0.667588
v -2.647672 0.046972 -0.291990
v -2.635109 0.025867 -0.253511
v -2.645225 0.032129 -0.286711
v -2.235602 0.025867 0.488451
v -2.249436 0.046972 0.438638
v -2.247669 0.032129 0.444999
v -2.305411 0.046972 -0.486537
v -2.288356 0.025867 -0.427076
v -2.303773 0.032129 -0.480662
v -1.922751 0.025867 0.539186
v -1.907000 0.046972 0.606953
v -1.908513 0.032129 0.601132
v -2.021944 0.046972 0.264269
v -1.977192 0.025593 0.297411
v -2.016836 0.032129 0.265678
v -2.438145 0.046972 0.473273
v -2.424695 0.025867 0.513910
v -2.435689 0.032130 0.479468
v -2.135646 0.046972 -0.145163
v -2.114648 0.025593 -0.196645
v -2.131996 0.032129 -0.149004
v -1.955952 0.025867 0.136884
v -1.996026 0.046972 0.150830
v -1.989713 0.032129 0.149056
v -2.609499 0.025867 -0.151376
v -2.600068 0.046972 -0.109624
v -2.601301 0.032129 -0.116195
v -2.124201 0.025867 0.449795
v -2.139546 0.046972 0.394539
v -2.137765 0.032129 0.400951
v -2.303581 0.046972 -0.196137
v -2.318926 0.025867 -0.251392
v -2.305362 0.032129 -0.202549
v -2.362641 0.025867 -0.408806
v -2.377656 0.046972 -0.462874
v -2.376000 0.032129 -0.456908
v -2.221846 0.046972 -0.187418
v -2.236651 0.025867 -0.247288
v -2.222638 0.032129 -0.193446
v -1.990900 0.046972 0.643995
v -2.007042 0.025867 0.584319
v -1.992533 0.032129 0.638124
v -2.055750 0.025867 0.403805
v -2.074011 0.046972 0.344922
v -2.071581 0.032129 0.350495
v -2.013419 0.025867 -0.070048
v -2.054945 0.046972 -0.061333
v -2.048621 0.032129 -0.063068
v -2.009590 0.046972 0.040334
v -1.970288 0.025867 0.029420
v -2.003034 0.032129 0.038514
v 1.946067 0.072500 0.223225
v 1.967756 0.116292 0.238035
v 1.963309 0.078762 0.234604
v 1.967777 0.116292 -0.081398
v 1.947291 0.072500 -0.065525
v 1.963463 0.078762 -0.077798
v 1.787982 0.072500 -0.099984
v 1.784509 0.116292 -0.125023
v 1.785204 0.078762 -0.119551
v 1.784469 0.116292 0.281655
v 1.786737 0.072500 0.256615
v 1.784911 0.078762 0.276318
v 2.009214 0.072500 -0.029422
v 2.047022 0.116292 -0.035749
v 2.039669 0.078762 -0.034098
v 2.047016 0.116292 0.192386
v 2.008234 0.072500 0.187197
v 2.039620 0.078762 0.190905
v 2.039324 0.072500 0.078882
v 2.079155 0.116292 0.078323
v 2.071155 0.078762 0.078436
v 2.073329 0.116292 0.135842
v 2.032172 0.072500 0.134138
v 2.065315 0.078762 0.135426
v 2.073332 0.116292 0.020802
v 2.032613 0.072500 0.023619
v 2.065334 0.078762 0.021426
v 1.791524 0.072500 0.208997
v 1.793724 0.078762 0.188147
v 1.795005 0.072500 -0.053686
v 1.797826 0.078762 -0.032897
v 1.915313 0.072226 -0.026342
v 1.888990 0.078762 -0.010524
v 1.949520 0.072500 0.028944
v 1.919722 0.078762 0.032165
v 1.959575 0.072500 0.079997
v 1.929646 0.078762 0.080417
v 1.947563 0.072500 0.131134
v 1.917664 0.078762 0.128507
v 1.881967 0.102729 0.165237
v 1.910898 0.072226 0.186641
v 1.884898 0.078762 0.170555
v 1.692562 0.116292 -0.129113
v 1.703086 0.072500 -0.100554
v 1.694625 0.078762 -0.123428
v 1.701665 0.072500 0.256713
v 1.692527 0.116292 0.285741
v 1.694360 0.078762 0.280168
v 1.753238 0.102729 0.159103
v 1.722071 0.072226 0.184073
v 1.749236 0.078762 0.163145
v 1.725215 0.102729 0.121356
v 1.690233 0.072500 0.127046
v 1.718896 0.078762 0.122661
v 1.681454 0.072500 0.076801
v 1.709127 0.078762 0.076303
v 1.692253 0.072500 0.026379
v 1.720990 0.078762 0.030076
v 1.726681 0.072226 -0.031212
v 1.753433 0.078762 -0.010071
v 1.847563 0.072500 0.210129
v 1.841801 0.078762 0.191216
v 1.850902 0.072500 -0.052335
v 1.845842 0.078762 -0.033536
v 1.869178 0.116292 -0.111539
v 1.862843 0.072500 -0.090112
v 1.867822 0.078762 -0.106642
v 1.869144 0.116292 0.268174
v 1.861716 0.072500 0.247316
v 1.867574 0.078762 0.263436
v 1.794391 0.243070 0.182085
v 1.798547 0.243070 -0.026655
v 1.913483 0.243070 0.033414
v 1.715929 0.243070 0.076179
v 1.727101 0.243070 0.031350
v 1.756693 0.243070 -0.005412
v 1.840288 0.243070 0.184762
v 1.844436 0.243070 -0.027240
v -2.485150 0.100876 0.629868
v -2.137997 0.100859 -0.496268
v -2.114724 0.100876 0.670441
v -2.564627 0.100876 -0.360462
v -2.268492 0.100876 -0.495027
v -1.841560 0.100859 0.565436
v -2.278476 0.100876 0.669940
v -2.721043 0.100876 -0.219557
v -2.005349 0.100876 0.209496
v -2.338350 0.100876 0.455684
v -2.505446 0.100876 -0.146013
v -2.185295 0.100876 0.416322
v -2.354012 0.100876 -0.191210
v -2.424583 0.100876 -0.445330
v -2.261278 0.100876 -0.193812
v -2.025799 0.100876 0.654040
v -2.104499 0.100876 0.370733
v -1.954007 0.100876 0.631662
v -2.046626 0.100876 0.309036
v -2.340004 0.100876 -0.477134
v -2.179878 0.100876 -0.170792
v -2.028849 0.100876 -0.011450
v -1.999388 0.100876 0.094634
v -2.093184 0.100876 -0.106791
v -1.627970 0.030505 0.072846
v -1.815435 0.024890 0.139871
v -1.709505 0.025592 0.167053
v -1.817832 0.025592 -0.222980
v -1.660156 0.030508 -0.102481
v -1.853664 0.024890 -0.052420
v -1.737097 0.025593 -0.035339
v -1.636553 0.030508 -0.017486
v -1.828164 0.024890 0.039403
v -1.719321 0.025592 0.054051
v -1.699383 0.030505 -0.184305
v -1.894575 0.024890 -0.145066
v -1.767960 0.025592 -0.121095
v -1.677937 0.070322 -0.322218
v -1.698634 0.075819 -0.349388
v -1.707703 0.069588 -0.341005
v -1.706033 0.113318 -0.356990
v -1.719025 0.080518 -0.355811
v -1.736084 0.106074 -0.363184
v -1.744969 0.066403 -0.358520
v -1.724228 0.068299 -0.350272
v -1.729194 0.057324 -0.338280
v -1.702439 0.063397 -0.320402
v -1.536739 0.070321 0.196675
v -1.553976 0.069590 0.219409
v -1.540648 0.075825 0.228476
v -1.560292 0.063396 0.195369
v -1.574078 0.057324 0.221387
v -1.563443 0.068307 0.230956
v -1.577078 0.066409 0.246342
v -1.566661 0.106092 0.247077
v -1.555558 0.080542 0.235274
v -1.541864 0.113336 0.235994
v -2.786206 0.047179 -0.042347
v -2.755062 0.038480 -0.054364
v -2.784390 0.033598 -0.048651
v -2.793438 0.039275 -0.044614
v -2.754147 0.028809 -0.066684
v -2.782941 0.028809 -0.072017
v -2.792353 0.033598 -0.052361
v -2.795815 0.038480 -0.066750
v -2.797652 0.047179 -0.048733
v -2.598891 0.038484 0.505656
v -2.631944 0.047180 0.511728
v -2.636752 0.039277 0.517589
v -2.626748 0.033602 0.516076
v -2.638518 0.047179 0.523291
v -2.627670 0.038480 0.538071
v -2.631844 0.033599 0.523955
v -2.613868 0.028810 0.535848
v -2.591759 0.028814 0.515831
v -2.601770 0.062145 0.503155
v -2.632955 0.100876 0.511126
v -2.639902 0.062172 0.516258
v -2.639657 0.100876 0.522981
v -2.631402 0.062145 0.537800
v -1.549261 0.062539 0.003945
v -1.559809 0.054491 0.051703
v -1.550122 0.062529 0.098366
v -1.538514 0.066839 0.048007
v -1.524987 0.069439 0.002386
v -1.526006 0.069436 0.097455
v -1.687847 0.054592 -0.283251
v -1.644776 0.062529 -0.243807
v -1.666301 0.066941 -0.287023
v -1.620007 0.069436 -0.245268
v -1.566998 0.054592 0.152825
v -1.546032 0.066939 0.151199
v -1.809905 0.057706 -0.383523
v -1.818724 0.040995 -0.376688
v -1.757692 0.047669 -0.348643
v -1.805022 0.033165 -0.355659
v -1.735979 0.042765 -0.316568
v -1.595733 0.062539 -0.163732
v -1.589635 0.054502 -0.121101
v -1.563783 0.062545 -0.082313
v -1.568158 0.066844 -0.124776
v -1.571057 0.069439 -0.165040
v -1.539353 0.069440 -0.083733
v -1.566362 0.054502 -0.037243
v -1.544993 0.066845 -0.040972
v -1.629849 0.054491 -0.200679
v -1.608246 0.066839 -0.204321
v -2.786488 0.100876 -0.041542
v -2.755683 0.062145 -0.050791
v -2.795203 0.062172 -0.042162
v -2.798343 0.100876 -0.048244
v -2.798910 0.062145 -0.065171
v -2.387043 0.028114 0.640166
v -2.485789 0.025950 0.598849
v -2.553371 0.028177 0.589808
v -2.483311 0.032129 0.624054
v -2.385160 0.038252 0.652021
v -2.561477 0.038252 0.596280
v -2.484900 0.046972 0.629087
v -2.753118 0.026061 -0.117473
v -2.758817 0.028177 -0.149908
v -2.787063 0.032185 -0.100873
v -2.769101 0.038252 -0.151279
v -2.793397 0.046981 -0.099689
v -2.565189 0.026061 0.559067
v -2.602674 0.032185 0.562748
v -2.608884 0.046981 0.564612
v -1.630121 0.033165 0.274125
v -1.695830 0.026453 0.330135
v -1.769662 0.027982 0.473445
v -1.691691 0.031955 0.380875
v -1.631019 0.040995 0.299217
v -1.766942 0.037747 0.490372
v -1.689150 0.045583 0.393741
v -2.210651 0.028114 -0.480870
v -2.114203 0.025862 -0.429108
v -2.027886 0.027982 -0.454501
v -2.136256 0.032092 -0.489280
v -2.215474 0.038252 -0.496047
v -2.034306 0.037747 -0.470399
v -2.138169 0.046899 -0.495216
v -1.890258 0.026453 -0.369770
v -1.912886 0.031955 -0.415373
v -1.917341 0.045583 -0.427702
v -2.069925 0.028114 0.645237
v -2.129354 0.025867 0.617761
v -2.188489 0.028114 0.658100
v -2.116652 0.032129 0.663499
v -2.066065 0.038252 0.659137
v -2.184778 0.038252 0.671466
v -2.114984 0.046972 0.669505
v -2.642292 0.028114 -0.278964
v -2.551591 0.025867 -0.314435
v -2.481420 0.028114 -0.396713
v -2.562564 0.032129 -0.353545
v -2.646794 0.038252 -0.290096
v -2.485132 0.038252 -0.410083
v -2.564349 0.046972 -0.359529
v -2.300730 0.028114 -0.469961
v -2.248921 0.025867 -0.430792
v -2.266587 0.032129 -0.488298
v -2.304823 0.038252 -0.484429
v -2.268235 0.046972 -0.494120
v -1.856082 0.025862 0.495789
v -1.911323 0.028114 0.589421
v -1.843699 0.032092 0.558561
v -1.907543 0.038252 0.604864
v -1.842252 0.046899 0.564624
v -2.291039 0.025867 0.623788
v -2.280274 0.032129 0.662953
v -2.278718 0.046972 0.668998
v -2.705592 0.025950 -0.192632
v -2.716465 0.032129 -0.215497
v -2.720424 0.046972 -0.219010
v -1.993761 0.038252 0.150193
v -2.004422 0.046972 0.209409
v -2.020111 0.038252 0.264774
v -1.998479 0.032129 0.208850
v -1.981190 0.028114 0.146326
v -2.009090 0.028085 0.269951
v -1.962217 0.025837 0.200326
v -2.248802 0.038252 0.440921
v -2.338058 0.046972 0.456669
v -2.437213 0.038253 0.475486
v -2.336209 0.032129 0.462995
v -2.244957 0.028114 0.454766
v -2.432816 0.028115 0.488029
v -2.325021 0.025867 0.502640
v -2.424953 0.028114 -0.193384
v -2.518244 0.025867 -0.193116
v -2.603201 0.028114 -0.125013
v -2.507406 0.032129 -0.153381
v -2.421108 0.038252 -0.179539
v -2.600501 0.038252 -0.111999
v -2.505709 0.046972 -0.147008
v -2.138907 0.038252 0.396840
v -2.185019 0.046972 0.417318
v -2.183246 0.032129 0.423702
v -2.134856 0.028114 0.411427
v -2.170370 0.025867 0.470067
v -2.308271 0.028114 -0.213025
v -2.368937 0.025867 -0.244953
v -2.356061 0.032129 -0.198590
v -2.304220 0.038252 -0.198438
v -2.354288 0.046972 -0.192206
v -2.532105 0.046982 0.490047
v -2.528285 0.032190 0.495921
v -2.516282 0.025978 0.523825
v -2.693170 0.025977 -0.112616
v -2.689487 0.032185 -0.082525
v -2.689321 0.046981 -0.075532
v -2.409952 0.025867 -0.392643
v -2.373201 0.028114 -0.446829
v -2.422654 0.032129 -0.438384
v -2.377062 0.038252 -0.460733
v -2.424323 0.046972 -0.444393
v -2.224929 0.028114 -0.204284
v -2.277325 0.025867 -0.252476
v -2.263201 0.032129 -0.201195
v -2.222131 0.038252 -0.189581
v -2.261538 0.046972 -0.194808
v -1.995460 0.028114 0.627398
v -2.041678 0.025867 0.596667
v -2.027699 0.032129 0.647199
v -1.991486 0.038252 0.641888
v -2.026055 0.046972 0.653118
v -2.073139 0.038252 0.346922
v -2.104208 0.046972 0.371720
v -2.102340 0.032129 0.378051
v -2.067946 0.028114 0.360957
v -2.087989 0.025867 0.429267
v -1.970639 0.025867 0.566709
v -1.955871 0.032129 0.624929
v -1.954259 0.046972 0.630754
v -2.046047 0.046972 0.309616
v -2.042329 0.032129 0.313337
v -2.022136 0.025837 0.366061
v -2.324009 0.025867 -0.419781
v -2.338102 0.032129 -0.470288
v -2.339748 0.046972 -0.476210
v -2.127590 0.028085 -0.156661
v -2.188542 0.025837 -0.232288
v -2.178414 0.032129 -0.176693
v -2.134336 0.038252 -0.146541
v -2.179681 0.046972 -0.171588
v -2.052676 0.038252 -0.061956
v -2.027819 0.046972 -0.011695
v -2.007238 0.038252 0.039681
v -2.021212 0.032129 -0.013265
v -2.039911 0.028114 -0.065124
v -1.994472 0.028114 0.036136
v -1.987631 0.025867 -0.020905
v -1.998380 0.046972 0.094313
v -1.991910 0.032129 0.092251
v -1.959198 0.025867 0.081481
v -2.092345 0.046972 -0.107194
v -2.086965 0.032129 -0.109779
v -2.051527 0.025837 -0.121175
v -1.591118 0.042765 0.205200
v -1.593178 0.047669 0.243832
v -1.619927 0.057706 0.300574
v 2.030657 0.074747 0.189432
v 1.983921 0.072500 0.207645
v 1.958123 0.074747 0.230844
v 2.006960 0.078762 0.214547
v 2.044362 0.087721 0.191854
v 1.966160 0.087721 0.236804
v 2.013066 0.116292 0.216981
v 2.055711 0.074747 0.134981
v 2.023116 0.072500 0.161865
v 2.057354 0.078762 0.163984
v 2.070454 0.087721 0.135692
v 2.065290 0.116292 0.164812
v 1.958502 0.074747 -0.073811
v 1.984949 0.072500 -0.049964
v 2.030850 0.074747 -0.032388
v 2.007056 0.078762 -0.057743
v 1.966229 0.087721 -0.080106
v 2.044383 0.087721 -0.035156
v 2.013079 0.116292 -0.060344
v 1.697089 0.074747 -0.116694
v 1.748138 0.072500 -0.100347
v 1.786025 0.074747 -0.113376
v 1.741397 0.078762 -0.121882
v 1.693303 0.087721 -0.127073
v 1.784758 0.087721 -0.123059
v 1.739726 0.116292 -0.127495
v 2.055794 0.074747 0.022126
v 2.037661 0.072500 0.051366
v 2.061724 0.074747 0.078569
v 2.069632 0.078762 0.050020
v 2.070462 0.087721 0.021026
v 2.076284 0.087721 0.078364
v 2.077630 0.116292 0.049674
v 2.037471 0.072500 0.106388
v 2.069622 0.078762 0.106848
v 2.077629 0.116292 0.106972
v 2.023878 0.072500 -0.004072
v 2.057381 0.078762 -0.007157
v 2.065294 0.116292 -0.008172
v 1.693184 0.087721 0.283741
v 1.739686 0.116292 0.284125
v 1.784628 0.087721 0.279739
v 1.741095 0.078762 0.278635
v 1.696523 0.074747 0.273437
v 1.785440 0.074747 0.270218
v 1.746684 0.072500 0.256655
v 1.840831 0.086025 0.187092
v 1.817319 0.102729 0.186176
v 1.794151 0.086025 0.184274
v 1.817955 0.078762 0.192583
v 1.843552 0.074747 0.197957
v 1.792995 0.074747 0.194862
v 1.819881 0.072500 0.212445
v 1.755523 0.086025 -0.007092
v 1.776574 0.102729 -0.018357
v 1.798288 0.086025 -0.028908
v 1.774678 0.078762 -0.024092
v 1.748354 0.074718 -0.015575
v 1.796982 0.074747 -0.039727
v 1.766008 0.072470 -0.045957
v 1.844940 0.086025 -0.029513
v 1.886693 0.086025 -0.007453
v 1.868473 0.078762 -0.024966
v 1.847432 0.074747 -0.040155
v 1.894343 0.074718 -0.015635
v 1.879336 0.072470 -0.042845
v 1.889749 0.074718 0.176064
v 1.932192 0.072470 0.157986
v 1.925532 0.074747 0.129669
v 1.903272 0.078762 0.151292
v 1.883019 0.086025 0.167154
v 1.913777 0.086025 0.127722
v 1.956528 0.072500 0.105250
v 1.938059 0.074747 0.080298
v 1.926469 0.078762 0.104642
v 1.925251 0.086025 0.080479
v 1.919721 0.102729 0.104425
v 1.957375 0.072500 0.054728
v 1.927698 0.074747 0.030915
v 1.927445 0.078762 0.056138
v 1.915722 0.086025 0.032964
v 1.920675 0.102729 0.056525
v 1.935603 0.072470 0.002394
v 1.906516 0.078762 0.009226
v 1.901494 0.102729 0.012213
v 1.751802 0.086025 0.160561
v 1.770343 0.078762 0.178098
v 1.743578 0.074718 0.168182
v 1.761680 0.072470 0.199812
v 1.737160 0.102729 0.141637
v 1.722947 0.086025 0.121826
v 1.731769 0.078762 0.144222
v 1.711007 0.074747 0.124096
v 1.702416 0.072470 0.152608
v 1.713488 0.086025 0.076224
v 1.711318 0.078762 0.099762
v 1.701033 0.074747 0.076450
v 1.683380 0.072500 0.101942
v 1.718999 0.102729 0.053239
v 1.724908 0.086025 0.030891
v 1.712306 0.078762 0.052905
v 1.713234 0.074747 0.028749
v 1.684246 0.072500 0.051670
v 1.735088 0.078762 0.008531
v 1.705964 0.072470 0.000306
v 1.862165 0.102729 0.177684
v 1.864239 0.078762 0.183950
v 1.875241 0.072470 0.202073
v 1.821550 0.102729 -0.029720
v 1.821924 0.078762 -0.036127
v 1.822970 0.072500 -0.055886
v 1.866275 0.074747 -0.101239
v 1.904615 0.072500 -0.079148
v 1.915045 0.078762 -0.094223
v 1.868691 0.087721 -0.109782
v 1.917751 0.116292 -0.098590
v 1.865771 0.074747 0.258191
v 1.823800 0.072500 0.253869
v 1.825542 0.078762 0.271619
v 1.868581 0.087721 0.266474
v 1.826066 0.116292 0.276720
v 1.824916 0.072500 -0.096948
v 1.825817 0.078762 -0.114838
v 1.826104 0.116292 -0.120086
v 1.903385 0.072500 0.236666
v 1.914838 0.078762 0.251026
v 1.917723 0.116292 0.255227
v 1.776574 0.243070 -0.018357
v 1.866065 0.243070 -0.019104
v 1.898753 0.243070 0.148009
v 1.919721 0.243070 0.104425
v 1.920675 0.243070 0.056525
v 1.772660 0.243070 0.172842
v 1.739911 0.243070 0.011470
v -2.771861 0.062136 -0.151818
v -2.794396 0.100876 -0.099477
v -2.689312 0.100876 -0.074419
v -2.599905 0.062136 -0.108718
v -2.438509 0.062136 0.472434
v -2.532801 0.100876 0.489154
v -2.609916 0.100876 0.564810
v -2.563618 0.062136 0.598040
v -1.901859 0.099576 -0.430205
v -2.032903 0.061740 -0.474908
v -1.677715 0.041922 -0.236882
v -1.760310 0.030605 -0.284335
v -1.674582 0.099577 0.387948
v -1.582278 0.041922 0.106824
v -1.628591 0.030605 0.189961
v -1.763411 0.061740 0.493512
v -1.628628 0.041931 -0.155903
v -1.581973 0.041931 0.012110
v -1.596681 0.041935 -0.074290
v -2.384851 0.062136 0.654885
v -2.216677 0.025134 0.556598
v -2.409145 0.025134 0.564350
v -2.183946 0.062136 0.674461
v -2.622142 0.025134 -0.202609
v -2.648006 0.062136 -0.292710
v -2.485965 0.062136 -0.413079
v -2.340801 0.025134 -0.330162
v -2.453232 0.025134 -0.295212
v -2.377883 0.062136 -0.463688
v -2.420233 0.062136 -0.176389
v -2.303339 0.062136 -0.195263
v -1.971128 0.025007 -0.317495
v -2.027756 0.024963 -0.207698
v -2.158113 0.025085 -0.325181
v -2.216337 0.062136 -0.498902
v -1.791900 0.025007 0.326936
v -1.897054 0.024963 0.262082
v -1.947486 0.025085 0.429517
v -1.906794 0.062136 0.607747
v -2.305634 0.062136 -0.487338
v -2.262384 0.025134 -0.337203
v -2.065245 0.062136 0.662090
v -1.990677 0.062136 0.644796
v -2.031284 0.025134 0.494020
v -2.102325 0.025134 0.528568
v -2.249677 0.062136 0.437770
v -2.139789 0.062136 0.393665
v -1.996888 0.062136 0.151072
v -2.022641 0.062136 0.264076
v -1.902332 0.025012 0.116311
v -2.074342 0.062136 0.344162
v -2.136144 0.062136 -0.144639
v -2.055808 0.062136 -0.061096
v -2.221738 0.062136 -0.186596
v -1.956869 0.025012 -0.080070
v -2.010485 0.062136 0.040583
v -1.919283 0.025012 0.015255
v 1.926120 0.071718 0.209300
v 1.965570 0.071718 0.184995
v 1.854632 0.071767 0.228960
v 1.929043 0.071718 -0.050319
v 1.968271 0.071718 -0.025830
v 1.856880 0.071767 -0.071416
v 1.711117 0.071718 0.225013
v 1.714172 0.071718 -0.070384
v 1.791490 0.071767 -0.076938
v 1.789099 0.071767 0.232904
v 1.990819 0.071767 0.026194
v 1.989592 0.071767 0.132750
v 1.999288 0.071767 0.079442
v 1.962225 0.071726 -0.043012
v -2.339972 0.062136 -0.477018
v -1.702372 0.025700 0.253221
v -2.354047 0.062136 -0.191335
v -2.689315 0.062137 -0.074554
v -1.986876 0.025005 -0.130938
v -1.908049 0.025012 0.064623
v -1.586740 0.042025 0.160201
v -2.268460 0.062136 -0.494914
v -2.485119 0.062136 0.629771
v -2.179853 0.062136 -0.170892
v -2.300669 0.025134 -0.336194
v -2.218362 0.025127 -0.332300
v -1.856178 0.025700 -0.300493
v -2.185261 0.062136 0.416447
v -2.093079 0.062136 -0.106841
v -1.610575 0.041934 -0.115674
v -1.995679 0.025127 0.466846
v -2.389459 0.025134 -0.318851
v -2.064802 0.025134 0.513025
v -1.901788 0.025005 0.175352
v -2.720965 0.062136 -0.219488
v -1.999262 0.062136 0.094594
v -1.841826 0.062087 0.565391
v -2.074894 0.025025 -0.323836
v -2.500749 0.025251 0.561650
v -2.534906 0.025134 -0.253828
v -2.138202 0.062087 -0.496092
v -2.424550 0.062136 -0.445212
v -2.338314 0.062136 0.455807
v -1.877122 0.025025 0.385608
v -1.788867 0.025592 -0.165179
v -2.278506 0.062136 0.669823
v -1.954039 0.062136 0.631549
v -2.149847 0.025134 0.543967
v -2.005233 0.062136 0.209485
v -2.025831 0.062136 0.653925
v -1.726614 0.025592 0.008896
v -2.104463 0.062136 0.370857
v -2.046554 0.062136 0.309109
v -1.714501 0.025592 0.102602
v -1.750926 0.025592 -0.078645
v -2.028720 0.062136 -0.011481
v -2.505479 0.062136 -0.146137
v -2.699246 0.025250 -0.153041
v -2.564592 0.062136 -0.360346
v -1.709039 0.042025 -0.280289
v -2.114757 0.062136 0.670324
v -2.609787 0.062137 0.564785
v -2.532714 0.062137 0.489266
v -1.935114 0.025012 -0.032836
v -2.261311 0.062136 -0.193936
v -2.307995 0.025134 0.563254
v -1.681776 0.060678 0.391230
v 1.889130 0.071760 0.220006
v 1.756782 0.071760 -0.073550
v 1.959872 0.071726 0.201731
v 1.891860 0.071760 -0.061565
v 1.996821 0.071767 0.105832
v -1.650676 0.041926 -0.195538
v 1.753811 0.071760 0.228604
v 1.977778 0.071760 0.160107
v 1.997344 0.071767 0.053042
v 1.979927 0.071760 -0.000952
v 1.823956 0.071767 -0.076575
v -1.909726 0.060678 -0.429345
v -1.587247 0.041934 -0.031668
v -1.580428 0.041926 0.057441
v 1.821857 0.071767 0.233336
v -1.692284 0.072340 -0.341101
v -1.703012 0.084095 -0.354179
v -1.729801 0.075668 -0.357356
v -1.717223 0.065319 -0.340271
v -1.539569 0.072340 0.219760
v -1.562706 0.065321 0.219646
v -1.564412 0.075686 0.239228
v -1.541360 0.084112 0.233187
v -2.785360 0.038935 -0.044659
v -2.783866 0.030445 -0.055647
v -2.795771 0.038935 -0.050249
v -2.629768 0.038938 0.513165
v -2.635972 0.038935 0.523853
v -2.622836 0.030448 0.522066
v -2.632829 0.062162 0.511201
v -2.639514 0.062162 0.523020
v -1.547896 0.062534 0.049199
v -1.523674 0.069437 0.047663
v -1.675798 0.062634 -0.285727
v -1.651247 0.069546 -0.287565
v -1.555231 0.062633 0.151252
v -1.531339 0.069545 0.151765
v -1.767670 0.052017 -0.359501
v -1.750828 0.044650 -0.337544
v -1.577655 0.062543 -0.123606
v -1.553111 0.069440 -0.124967
v -1.554421 0.062543 -0.039768
v -1.530081 0.069440 -0.041254
v -1.617822 0.062534 -0.203170
v -1.593028 0.069437 -0.204462
v -2.786506 0.062162 -0.041552
v -2.798310 0.062162 -0.048215
v -2.482319 0.028130 0.617521
v -2.484326 0.038252 0.627287
v -2.778601 0.028217 -0.103455
v -2.791099 0.038280 -0.100169
v -2.594150 0.028217 0.560443
v -2.606560 0.038280 0.564082
v -1.692726 0.028433 0.368296
v -1.690902 0.037386 0.388182
v -2.132118 0.028097 -0.477796
v -2.137544 0.038189 -0.493053
v -1.907286 0.028433 -0.404066
v -1.915977 0.037386 -0.422038
v -2.119376 0.028114 0.653688
v -2.115583 0.038252 0.667350
v -2.559976 0.028114 -0.344578
v -2.563708 0.038252 -0.357382
v -2.263255 0.028114 -0.477142
v -2.267644 0.038252 -0.492030
v -1.846121 0.028097 0.546613
v -1.842842 0.038189 0.562452
v -2.282680 0.028114 0.653938
v -2.279276 0.038252 0.666829
v -2.712248 0.028130 -0.210414
v -2.719002 0.038252 -0.217751
v -2.002289 0.038252 0.209208
v -1.989952 0.028107 0.207736
v -2.337388 0.038252 0.458938
v -2.333572 0.028114 0.472266
v -2.509920 0.028114 -0.162684
v -2.506317 0.038252 -0.149297
v -2.184383 0.038252 0.419609
v -2.180428 0.028114 0.433848
v -2.358879 0.028114 -0.208736
v -2.354925 0.038252 -0.194497
v -2.530584 0.038284 0.492122
v -2.524707 0.028204 0.503529
v -2.690186 0.028201 -0.090883
v -2.689345 0.038280 -0.078088
v -2.419929 0.028114 -0.428571
v -2.423724 0.038252 -0.442236
v -2.266100 0.028114 -0.211959
v -2.262135 0.038252 -0.197100
v -2.030567 0.028114 0.636849
v -2.026645 0.038252 0.650994
v -2.103538 0.038252 0.373992
v -2.099273 0.028114 0.388767
v -1.958816 0.028114 0.613682
v -1.954837 0.038252 0.628664
v -2.044713 0.038252 0.310951
v -2.037158 0.028107 0.322176
v -2.335219 0.028114 -0.459939
v -2.339157 0.038252 -0.474085
v -2.178570 0.028107 -0.186934
v -2.179226 0.038252 -0.173420
v -2.025448 0.038252 -0.012259
v -2.012512 0.028114 -0.015290
v -1.996058 0.038252 0.093573
v -1.983411 0.028114 0.089500
v -2.090415 0.038252 -0.108122
v -2.079090 0.028107 -0.113223
v -1.593024 0.044650 0.230815
v -1.596124 0.052018 0.258252
v 1.999919 0.074747 0.212025
v 2.010875 0.087721 0.216108
v 2.047665 0.074747 0.163155
v 2.062442 0.087721 0.164515
v 2.000187 0.074747 -0.054999
v 2.010918 0.087721 -0.059411
v 1.743379 0.074747 -0.115364
v 1.740326 0.087721 -0.125481
v 2.060185 0.074747 0.050424
v 2.074760 0.087721 0.049798
v 2.060146 0.074747 0.106705
v 2.074756 0.087721 0.106927
v 2.047800 0.074747 -0.006080
v 2.062454 0.087721 -0.007807
v 1.740192 0.087721 0.282155
v 1.742755 0.074747 0.272146
v 1.817547 0.086025 0.188489
v 1.818629 0.074747 0.199409
v 1.775894 0.086025 -0.020426
v 1.772200 0.074739 -0.030677
v 1.866930 0.086025 -0.021218
v 1.871565 0.074739 -0.031159
v 1.909912 0.074740 0.154428
v 1.900374 0.086025 0.149192
v 1.934825 0.074747 0.104864
v 1.922142 0.086025 0.104504
v 1.935800 0.074747 0.055700
v 1.923104 0.086025 0.056385
v 1.913524 0.074739 0.006277
v 1.903296 0.086025 0.011137
v 1.771829 0.086025 0.174739
v 1.767576 0.074740 0.184334
v 1.735225 0.086025 0.142569
v 1.724495 0.074740 0.147103
v 1.715630 0.086025 0.099409
v 1.703243 0.074747 0.100410
v 1.716598 0.086025 0.053119
v 1.704237 0.074747 0.052524
v 1.738181 0.086025 0.010411
v 1.728234 0.074740 0.005428
v 1.862909 0.086025 0.179944
v 1.867118 0.074739 0.190451
v 1.821684 0.086025 -0.032034
v 1.822310 0.074747 -0.042941
v 1.911898 0.074747 -0.089362
v 1.916780 0.087721 -0.097023
v 1.824967 0.074747 0.265924
v 1.825878 0.087721 0.274889
v 1.825509 0.074747 -0.109026
v 1.826001 0.087721 -0.118203
v 1.911440 0.074747 0.246368
v 1.916688 0.087721 0.253719
v -2.794273 0.062137 -0.099500
v -2.771970 0.172899 -0.151839
v -2.022740 0.172899 0.264049
v -2.136215 0.172899 -0.144564
v -2.420199 0.172899 -0.176265
v -2.599882 0.172899 -0.108588
v -2.249711 0.172899 0.437647
v -2.438561 0.172899 0.472314
v -2.303304 0.172899 -0.195138
v -2.221723 0.172899 -0.186479
v -2.563704 0.172899 0.598108
v -2.031002 0.172899 -0.475536
v -1.761458 0.172899 0.493070
v -2.485998 0.172899 -0.413197
v -2.183913 0.172899 0.674579
v -1.906765 0.172899 0.607861
v -2.216371 0.172899 -0.499014
v -2.648054 0.172899 -0.292813
v -2.384839 0.172899 0.654998
v -2.377915 0.172899 -0.463805
v -2.139823 0.172899 0.393540
v -2.065212 0.172899 0.662207
v -1.990645 0.172899 0.644910
v -2.074390 0.172899 0.344053
v -2.305666 0.172899 -0.487453
v -2.010612 0.172899 0.040618
v -1.997011 0.172899 0.151107
v -2.055932 0.172899 -0.061062
v -1.556025 0.172899 0.239042
v -1.597050 0.172899 0.282111
v -1.780663 0.172899 -0.379102
v -1.722042 0.172899 -0.359266
v -2.631563 0.172899 0.537778
v -2.640072 0.172899 0.516180
v -2.601899 0.172899 0.503052
v -2.755680 0.172899 -0.050699
v -2.795157 0.172899 -0.042263
v -2.799003 0.172899 -0.065157
v 1.967756 0.172899 0.238035
v 2.047016 0.172899 0.192386
v 1.869144 0.172899 0.268174
v 1.967777 0.172899 -0.081398
v 1.869178 0.172899 -0.111539
v 2.047022 0.172899 -0.035749
v 1.692527 0.172899 0.285741
v 1.784509 0.172899 -0.125023
v 1.692562 0.172899 -0.129113
v 1.784469 0.172899 0.281655
v 2.073332 0.172899 0.020802
v 2.073329 0.172899 0.135842
v 2.079155 0.172899 0.078323
v -2.485150 0.172899 0.629868
v -2.137997 0.172899 -0.496268
v -1.674582 0.172899 0.387948
v -2.564627 0.172899 -0.360462
v -2.114724 0.172899 0.670441
v -1.841560 0.172899 0.565436
v -2.268492 0.172899 -0.495027
v -2.532802 0.172899 0.489153
v -2.721043 0.172899 -0.219557
v -2.278476 0.172899 0.669940
v -2.093184 0.172899 -0.106791
v -2.179878 0.172899 -0.170792
v -2.794395 0.172899 -0.099479
v -2.046626 0.172899 0.309036
v -2.609917 0.172899 0.564809
v -2.354012 0.172899 -0.191210
v -2.424583 0.172899 -0.445330
v -2.185295 0.172899 0.416322
v -2.025799 0.172899 0.654040
v -1.954007 0.172899 0.631662
v -2.104499 0.172899 0.370733
v -2.261278 0.172899 -0.193812
v -2.340004 0.172899 -0.477134
v -1.999388 0.172899 0.094634
v -2.005349 0.172899 0.209496
v -2.689312 0.172899 -0.074420
v 2.013066 0.172899 0.216981
v -2.338350 0.172899 0.455684
v -2.505446 0.172899 -0.146013
v 1.826067 0.172899 0.276720
v 2.077629 0.172899 0.106972
v 2.077630 0.172899 0.049674
v 1.917751 0.172899 -0.098590
v 2.065294 0.172899 -0.008172
v 2.065290 0.172899 0.164812
v 1.739726 0.172899 -0.127495
v -1.901859 0.172899 -0.430205
v 1.739686 0.172899 0.284125
v 1.826104 0.172899 -0.120086
v 1.917723 0.172899 0.255227
v 2.013079 0.172899 -0.060344
v -2.028849 0.172899 -0.011450
v -1.541864 0.172899 0.235994
v -1.566661 0.172899 0.247077
v -1.736084 0.172899 -0.363184
v -1.706033 0.172899 -0.356990
v -2.639688 0.172899 0.522965
v -2.632986 0.172899 0.511109
v -2.786470 0.172899 -0.041573
v -2.798325 0.172899 -0.048275
vt 0.519227 0.072057
vt 0.520687 0.061792
vt 0.517204 0.062515
vt 0.514914 0.068761
vt 0.521011 0.053837
vt 0.516464 0.057957
vt 0.512436 0.064805
vt 0.103189 0.355486
vt 0.103189 0.364063
vt 0.097517 0.364058
vt 0.097518 0.355486
vt 0.097493 0.377366
vt 0.097488 0.380204
vt 0.094417 0.380200
vt 0.094428 0.377358
vt 0.097486 0.383387
vt 0.094414 0.383389
vt 0.093207 0.383396
vt 0.093210 0.380200
vt 0.093224 0.377352
vt 0.500434 0.734193
vt 0.489820 0.732658
vt 0.500500 0.748500
vt 0.515486 0.748751
vt 0.477351 0.731014
vt 0.483509 0.748096
vt 0.491343 0.768356
vt 0.513167 0.767280
vt 0.532629 0.765931
vt 0.097381 0.464059
vt 0.097363 0.469538
vt 0.094228 0.469528
vt 0.094257 0.464041
vt 0.097355 0.473656
vt 0.094218 0.473646
vt 0.092993 0.473625
vt 0.093002 0.469515
vt 0.093035 0.464034
vt 0.097618 0.435608
vt 0.097528 0.441111
vt 0.094469 0.441065
vt 0.094609 0.435542
vt 0.097463 0.448681
vt 0.094380 0.448657
vt 0.093170 0.448658
vt 0.093266 0.441068
vt 0.093425 0.435526
vt 0.402808 0.719452
vt 0.411742 0.715021
vt 0.519261 0.113788
vt 0.513548 0.108916
vt 0.428736 0.708932
vt 0.437342 0.707137
vt 0.533778 0.120436
vt 0.528883 0.119292
vt 0.427525 0.774681
vt 0.417451 0.778163
vt 0.418088 0.796934
vt 0.428997 0.792124
vt 0.402753 0.783015
vt 0.401719 0.803150
vt 0.401530 0.820822
vt 0.418433 0.810173
vt 0.429691 0.803748
vt 0.103190 0.657725
vt 0.103190 0.668511
vt 0.097371 0.668493
vt 0.097510 0.657724
vt 0.465365 0.768436
vt 0.455725 0.768974
vt 0.459106 0.785471
vt 0.469577 0.785364
vt 0.446240 0.770206
vt 0.448967 0.786690
vt 0.450730 0.797250
vt 0.461453 0.796099
vt 0.472681 0.796534
vt 0.492874 0.720426
vt 0.484144 0.718468
vt 0.484999 0.723339
vt 0.493845 0.725279
vt 0.473759 0.716362
vt 0.474449 0.721272
vt 0.103189 0.392842
vt 0.103189 0.400325
vt 0.097495 0.400329
vt 0.097493 0.392843
vt 0.103189 0.620295
vt 0.103189 0.625781
vt 0.097486 0.625779
vt 0.097490 0.620294
vt 0.103190 0.643080
vt 0.103190 0.649218
vt 0.097513 0.649222
vt 0.097502 0.643083
vt 0.097506 0.370240
vt 0.097499 0.374367
vt 0.094438 0.374358
vt 0.094446 0.370231
vt 0.093236 0.374345
vt 0.093245 0.370210
vt 0.103189 0.370244
vt 0.103189 0.374372
vt 0.103189 0.572059
vt 0.097540 0.572096
vt 0.097470 0.564538
vt 0.103189 0.564510
vt 0.103189 0.408805
vt 0.103189 0.416930
vt 0.097537 0.416948
vt 0.097506 0.408810
vt 0.103189 0.604326
vt 0.103189 0.612808
vt 0.097493 0.612804
vt 0.097505 0.604319
vt 0.097594 0.589562
vt 0.097538 0.596180
vt 0.094493 0.596156
vt 0.094575 0.589525
vt 0.094446 0.604305
vt 0.093244 0.604281
vt 0.093294 0.596144
vt 0.093385 0.589529
vt 0.097344 0.480327
vt 0.097341 0.483955
vt 0.094196 0.483953
vt 0.094199 0.480321
vt 0.097339 0.488091
vt 0.094194 0.488091
vt 0.092965 0.488098
vt 0.092968 0.483942
vt 0.092970 0.480294
vt 0.387478 0.843554
vt 0.368867 0.845458
vt 0.367689 0.852961
vt 0.384983 0.851428
vt 0.350519 0.847311
vt 0.350631 0.854448
vt 0.351320 0.862303
vt 0.367380 0.861000
vt 0.383638 0.859684
vt 0.374720 0.825486
vt 0.371349 0.837032
vt 0.392104 0.834494
vt 0.352832 0.829018
vt 0.351195 0.839586
vt 0.385643 0.729344
vt 0.393425 0.724743
vt 0.505489 0.110413
vt 0.499229 0.111847
vt 0.103190 0.685053
vt 0.103189 0.944590
vt 0.098654 0.944591
vt 0.098318 0.685073
vt 0.404138 0.742894
vt 0.392743 0.748446
vt 0.387595 0.767010
vt 0.403711 0.761159
vt 0.383071 0.753297
vt 0.373323 0.772081
vt 0.362456 0.794158
vt 0.381536 0.789097
vt 0.446075 0.706238
vt 0.538789 0.120644
vt 0.569846 0.120631
vt 0.563780 0.118031
vt 0.484851 0.710501
vt 0.493924 0.712484
vt 0.103189 0.582512
vt 0.103189 0.585178
vt 0.097647 0.585159
vt 0.097678 0.582507
vt 0.097356 0.539573
vt 0.097364 0.543690
vt 0.094230 0.543701
vt 0.094219 0.539583
vt 0.097383 0.549169
vt 0.094260 0.549187
vt 0.093038 0.549195
vt 0.093003 0.543714
vt 0.092994 0.539605
vt 0.103189 0.383387
vt 0.103189 0.387359
vt 0.097489 0.387360
vt 0.103189 0.539568
vt 0.103189 0.543682
vt 0.103189 0.629755
vt 0.103190 0.632942
vt 0.097485 0.632945
vt 0.097483 0.629755
vt 0.103190 0.635818
vt 0.103190 0.638899
vt 0.097495 0.638904
vt 0.097490 0.635822
vt 0.097338 0.492741
vt 0.094192 0.492741
vt 0.097334 0.497535
vt 0.094185 0.497535
vt 0.092955 0.497556
vt 0.092964 0.492759
vt 0.103189 0.532899
vt 0.103189 0.536161
vt 0.097349 0.536166
vt 0.097344 0.532902
vt 0.103189 0.377371
vt 0.103189 0.380207
vt 0.103189 0.506615
vt 0.103189 0.511099
vt 0.097334 0.511100
vt 0.097335 0.506615
vt 0.437409 0.715240
vt 0.428830 0.717067
vt 0.429602 0.722035
vt 0.438139 0.720203
vt 0.420363 0.719745
vt 0.421174 0.724707
vt 0.422634 0.735038
vt 0.431161 0.732437
vt 0.439798 0.730616
vt 0.552613 0.795250
vt 0.531091 0.799060
vt 0.537967 0.808830
vt 0.557570 0.804687
vt 0.504586 0.803421
vt 0.517797 0.813194
vt 0.525045 0.820210
vt 0.543034 0.815996
vt 0.560755 0.811827
vt 0.367714 0.870892
vt 0.382961 0.869774
vt 0.352665 0.872025
vt 0.355895 0.885112
vt 0.369765 0.884188
vt 0.383784 0.883306
vt 0.103189 0.515694
vt 0.103189 0.520486
vt 0.097338 0.520488
vt 0.097334 0.515695
vt 0.546561 0.822670
vt 0.562973 0.818595
vt 0.529910 0.826783
vt 0.533815 0.834068
vt 0.549428 0.830088
vt 0.564849 0.826163
vt 0.475975 0.768496
vt 0.481391 0.786373
vt 0.498737 0.786916
vt 0.485334 0.798924
vt 0.103189 0.974365
vt 0.098705 0.974361
vt 0.098688 0.971039
vt 0.103189 0.971032
vt 0.103189 0.441138
vt 0.103189 0.435632
vt 0.094491 0.416971
vt 0.094448 0.408823
vt 0.097588 0.423569
vt 0.094566 0.423601
vt 0.093376 0.423598
vt 0.093292 0.416982
vt 0.093247 0.408847
vt 0.094185 0.511099
vt 0.094189 0.506615
vt 0.094185 0.515695
vt 0.092955 0.515674
vt 0.092954 0.511086
vt 0.092961 0.506615
vt 0.094455 0.649211
vt 0.094440 0.643093
vt 0.094438 0.657584
vt 0.093217 0.657495
vt 0.093252 0.649224
vt 0.093237 0.643113
vt 0.377495 0.809226
vt 0.355922 0.813729
vt 0.566046 0.886841
vt 0.556379 0.889876
vt 0.556207 0.907457
vt 0.563267 0.904462
vt 0.546669 0.893063
vt 0.549041 0.910643
vt 0.551048 0.923213
vt 0.556100 0.919666
vt 0.560639 0.915076
vt 0.374343 0.901651
vt 0.386761 0.901050
vt 0.362016 0.902318
vt 0.370111 0.920816
vt 0.380366 0.920547
vt 0.390711 0.920416
vt 0.094463 0.364068
vt 0.094450 0.355622
vt 0.093261 0.364054
vt 0.093231 0.355711
vt 0.094423 0.387366
vt 0.094429 0.392848
vt 0.093225 0.392867
vt 0.093220 0.387379
vt 0.097421 0.556436
vt 0.094319 0.556458
vt 0.094390 0.564564
vt 0.093181 0.564560
vt 0.093102 0.556461
vt 0.523325 0.784775
vt 0.544893 0.782025
vt 0.413987 0.738420
vt 0.415829 0.756681
vt 0.425066 0.753495
vt 0.094427 0.612797
vt 0.094425 0.620289
vt 0.093220 0.620270
vt 0.093223 0.612773
vt 0.094432 0.638912
vt 0.094423 0.635829
vt 0.093229 0.638925
vt 0.093218 0.635835
vt 0.552285 0.839437
vt 0.566707 0.835675
vt 0.537681 0.843279
vt 0.541250 0.856184
vt 0.554629 0.852516
vt 0.567882 0.848934
vt 0.094192 0.520489
vt 0.097340 0.525138
vt 0.094194 0.525139
vt 0.092965 0.525132
vt 0.092964 0.520470
vt 0.094413 0.632949
vt 0.094410 0.629753
vt 0.093205 0.632949
vt 0.093202 0.629746
vt 0.457443 0.729413
vt 0.448560 0.729629
vt 0.451830 0.748113
vt 0.460952 0.747636
vt 0.442808 0.749237
vt 0.094207 0.536176
vt 0.094200 0.532909
vt 0.092979 0.536204
vt 0.092971 0.532936
vt 0.097342 0.529274
vt 0.094197 0.529277
vt 0.092969 0.529288
vt 0.466666 0.729893
vt 0.470679 0.747716
vt 0.433890 0.751040
vt 0.436853 0.772087
vt 0.098673 0.967061
vt 0.103189 0.967054
vt 0.097334 0.502130
vt 0.094185 0.502131
vt 0.092954 0.502144
vt 0.097418 0.456787
vt 0.094314 0.456767
vt 0.093097 0.456764
vt 0.386313 0.937334
vt 0.394221 0.938053
vt 0.378566 0.936781
vt 0.384583 0.946087
vt 0.390453 0.949002
vt 0.396466 0.950773
vt 0.420238 0.711570
vt 0.524080 0.117114
vt 0.094431 0.400335
vt 0.093227 0.400360
vt 0.403074 0.727693
vt 0.393855 0.732984
vt 0.394407 0.737995
vt 0.403833 0.732657
vt 0.386186 0.737622
vt 0.386580 0.742667
vt 0.094419 0.625774
vt 0.093215 0.625760
vt 0.094659 0.585113
vt 0.094736 0.582475
vt 0.093480 0.585124
vt 0.093576 0.582470
vt 0.094488 0.572145
vt 0.097640 0.577579
vt 0.094643 0.577650
vt 0.093462 0.577656
vt 0.093287 0.572135
vt 0.438970 0.788824
vt 0.440204 0.799662
vt 0.097348 0.477063
vt 0.094206 0.477054
vt 0.092978 0.477025
vt 0.555949 0.870296
vt 0.567678 0.866968
vt 0.544155 0.873714
vt 0.094284 0.667906
vt 0.096632 0.678969
vt 0.093861 0.676610
vt 0.092918 0.674302
vt 0.093045 0.667381
vt 0.568591 0.071783
vt 0.565457 0.075389
vt 0.566768 0.082859
vt 0.570348 0.080415
vt 0.560709 0.077874
vt 0.562944 0.085194
vt 0.563912 0.090806
vt 0.567773 0.089830
vt 0.571543 0.088836
vt 0.103189 0.955309
vt 0.098663 0.955309
vt 0.098661 0.951961
vt 0.103189 0.951958
vt 0.505944 0.101920
vt 0.500430 0.102936
vt 0.511618 0.100798
vt 0.510827 0.094903
vt 0.506165 0.095004
vt 0.501543 0.095100
vt 0.566313 0.064137
vt 0.564684 0.068662
vt 0.562898 0.059050
vt 0.561557 0.067208
vt 0.103189 0.981713
vt 0.098663 0.981694
vt 0.098684 0.979363
vt 0.103189 0.979383
vt 0.512503 0.083975
vt 0.515081 0.078651
vt 0.511743 0.075720
vt 0.508915 0.082315
vt 0.508633 0.072762
vt 0.505400 0.080664
vt 0.550712 0.069481
vt 0.551993 0.061366
vt 0.546939 0.059321
vt 0.545888 0.067143
vt 0.553298 0.053144
vt 0.548030 0.051401
vt 0.542688 0.050370
vt 0.541860 0.058218
vt 0.541045 0.065969
vt 0.411912 0.723238
vt 0.412746 0.728191
vt 0.103189 0.041133
vt 0.098676 0.041131
vt 0.098679 0.037125
vt 0.103189 0.037128
vt 0.103189 0.018286
vt 0.098667 0.018307
vt 0.098642 0.016007
vt 0.103189 0.015982
vt 0.098685 0.032913
vt 0.103189 0.032920
vt 0.098704 0.976977
vt 0.103189 0.976993
vt 0.103189 0.023007
vt 0.098712 0.023017
vt 0.098688 0.020635
vt 0.103189 0.020613
vt 0.562444 0.101801
vt 0.559955 0.107463
vt 0.565463 0.109676
vt 0.567101 0.102811
vt 0.555928 0.114916
vt 0.570857 0.111715
vt 0.571725 0.103801
vt 0.555585 0.073086
vt 0.557012 0.064292
vt 0.558405 0.055607
vt 0.536670 0.057992
vt 0.536075 0.065815
vt 0.537255 0.050073
vt 0.531728 0.050472
vt 0.531300 0.058654
vt 0.530870 0.066751
vt 0.103189 0.047976
vt 0.103189 0.051560
vt 0.098664 0.051556
vt 0.098671 0.047973
vt 0.525354 0.068838
vt 0.525785 0.060141
vt 0.526193 0.051597
vt 0.511101 0.089359
vt 0.507065 0.088639
vt 0.503092 0.087929
vt 0.454938 0.706165
vt 0.543911 0.119878
vt 0.464046 0.706853
vt 0.549249 0.118067
vt 0.096702 0.334256
vt 0.097394 0.344705
vt 0.094314 0.345284
vt 0.093933 0.336591
vt 0.093077 0.345805
vt 0.092982 0.338891
vt 0.454960 0.714229
vt 0.446117 0.714313
vt 0.446810 0.719279
vt 0.455616 0.719184
vt 0.790488 0.708339
vt 0.872418 0.114918
vt 0.880270 0.118034
vt 0.801339 0.710505
vt 0.464024 0.714909
vt 0.464657 0.719848
vt 0.103189 0.334227
vt 0.103189 0.344693
vt 0.576474 0.123082
vt 0.574579 0.122647
vt 0.500652 0.713698
vt 0.502602 0.713719
vt 0.567910 0.096372
vt 0.571994 0.096441
vt 0.563754 0.096299
vt 0.103189 0.948369
vt 0.098656 0.948371
vt 0.098675 0.044632
vt 0.103189 0.044633
vt 0.103189 0.962834
vt 0.098667 0.962837
vt 0.098665 0.958819
vt 0.103189 0.958818
vt 0.103189 0.497536
vt 0.103189 0.502130
vt 0.103189 0.028951
vt 0.098700 0.028945
vt 0.098713 0.025629
vt 0.103189 0.025631
vt 0.310702 0.069456
vt 0.228397 0.069596
vt 0.229748 0.055680
vt 0.309320 0.055575
vt 0.231417 0.042818
vt 0.307601 0.042551
vt 0.311246 0.417969
vt 0.228312 0.417965
vt 0.227279 0.403390
vt 0.312275 0.403322
vt 0.226568 0.388558
vt 0.312953 0.388531
vt 0.312454 0.098685
vt 0.226700 0.098768
vt 0.227399 0.084074
vt 0.311746 0.084014
vt 0.226202 0.127389
vt 0.226310 0.113176
vt 0.312874 0.113137
vt 0.313019 0.127362
vt 0.313236 0.185078
vt 0.226052 0.185109
vt 0.226108 0.170469
vt 0.313169 0.170440
vt 0.226157 0.155961
vt 0.313104 0.155930
vt 0.226166 0.141609
vt 0.313085 0.141580
vt 0.313303 0.214323
vt 0.226004 0.214356
vt 0.226057 0.199775
vt 0.313247 0.199745
vt 0.313349 0.272090
vt 0.225996 0.272113
vt 0.225972 0.257613
vt 0.313372 0.257587
vt 0.225989 0.243203
vt 0.313334 0.243175
vt 0.225913 0.301497
vt 0.225999 0.286772
vt 0.313361 0.286751
vt 0.313461 0.301481
vt 0.313479 0.330707
vt 0.225919 0.330727
vt 0.225920 0.316175
vt 0.313470 0.316157
vt 0.308137 0.445028
vt 0.231441 0.444896
vt 0.229714 0.431960
vt 0.309865 0.431924
vt 0.225966 0.228811
vt 0.313358 0.228781
vt 0.226142 0.373934
vt 0.313332 0.373925
vt 0.225999 0.359521
vt 0.313430 0.359509
vt 0.225927 0.345160
vt 0.313494 0.345140
vt 0.103189 0.327963
vt 0.098394 0.327958
vt 0.098659 0.055331
vt 0.103189 0.055333
vt 0.495842 0.112630
vt 0.494219 0.112916
vt 0.379251 0.732788
vt 0.381311 0.731789
vt 0.492259 0.112885
vt 0.377152 0.733168
vt 0.378795 0.736118
vt 0.381023 0.735066
vt 0.385443 0.732512
vt 0.573072 0.122039
vt 0.498708 0.713431
vt 0.098160 0.329260
vt 0.095745 0.328954
vt 0.096046 0.327673
vt 0.376654 0.736393
vt 0.096366 0.055263
vt 0.094573 0.331010
vt 0.095345 0.329817
vt 0.097805 0.330436
vt 0.376664 0.742283
vt 0.379317 0.741210
vt 0.378817 0.738319
vt 0.376513 0.738746
vt 0.385621 0.734666
vt 0.381161 0.737238
vt 0.381747 0.740156
vt 0.095944 0.685212
vt 0.096358 0.944649
vt 0.493425 0.715512
vt 0.498342 0.716525
vt 0.500541 0.716779
vt 0.497851 0.721420
vt 0.498061 0.718547
vt 0.493074 0.717537
vt 0.500421 0.721668
vt 0.500484 0.718821
vt 0.097706 0.682786
vt 0.095205 0.683316
vt 0.094442 0.682171
vt 0.098067 0.683885
vt 0.095616 0.684079
vt 0.502667 0.718633
vt 0.502524 0.716586
vt 0.503191 0.721915
vt 0.473999 0.708336
vt 0.092722 0.435590
vt 0.092936 0.433084
vt 0.093604 0.433063
vt 0.402856 0.952517
vt 0.401442 0.952174
vt 0.401550 0.958149
vt 0.402752 0.958741
vt 0.401463 0.959508
vt 0.402111 0.960288
vt 0.093028 0.432430
vt 0.093669 0.432439
vt 0.397345 0.956670
vt 0.400229 0.957627
vt 0.399829 0.951683
vt 0.397568 0.958625
vt 0.400490 0.959352
vt 0.093537 0.430681
vt 0.093633 0.431955
vt 0.092965 0.431934
vt 0.092838 0.430616
vt 0.400858 0.960613
vt 0.397581 0.960074
vt 0.093654 0.580102
vt 0.092985 0.580065
vt 0.092761 0.577568
vt 0.093722 0.580726
vt 0.093079 0.580733
vt 0.547711 0.932603
vt 0.548852 0.933856
vt 0.549208 0.932904
vt 0.548636 0.931639
vt 0.545579 0.926835
vt 0.546774 0.926024
vt 0.092878 0.582558
vt 0.093013 0.581246
vt 0.093683 0.581210
vt 0.553071 0.932235
vt 0.552652 0.930855
vt 0.550123 0.932455
vt 0.550171 0.933770
vt 0.548156 0.925082
vt 0.549752 0.930747
vt 0.552184 0.928969
vt 0.094773 0.580071
vt 0.097681 0.580041
vt 0.097685 0.580705
vt 0.094796 0.580717
vt 0.094787 0.581220
vt 0.097685 0.581221
vt 0.463826 0.711978
vt 0.454724 0.711299
vt 0.473649 0.713437
vt 0.473706 0.711356
vt 0.463803 0.709884
vt 0.454686 0.709200
vt 0.393347 0.730022
vt 0.402613 0.724737
vt 0.402506 0.722586
vt 0.393195 0.727872
vt 0.484200 0.715562
vt 0.484428 0.713510
vt 0.093311 0.332743
vt 0.092392 0.337028
vt 0.376976 0.747597
vt 0.373047 0.757621
vt 0.375407 0.756662
vt 0.379642 0.746155
vt 0.382099 0.745167
vt 0.377857 0.755780
vt 0.428485 0.714129
vt 0.419980 0.716802
vt 0.437102 0.712307
vt 0.437051 0.710195
vt 0.428427 0.712008
vt 0.419913 0.714669
vt 0.445847 0.711386
vt 0.445804 0.709282
vt 0.411491 0.720290
vt 0.411411 0.718144
vt 0.094728 0.433101
vt 0.097654 0.433129
vt 0.094748 0.432449
vt 0.097656 0.432461
vt 0.094742 0.431940
vt 0.097658 0.431942
vt 0.094700 0.430669
vt 0.097655 0.430647
vt 0.566843 0.903754
vt 0.570965 0.885458
vt 0.561829 0.917288
vt 0.562824 0.918396
vt 0.568303 0.903989
vt 0.572721 0.885194
vt 0.569599 0.904382
vt 0.574105 0.885234
vt 0.563916 0.919217
vt 0.092590 0.596136
vt 0.092683 0.589574
vt 0.092535 0.604229
vt 0.391827 0.954368
vt 0.384183 0.948599
vt 0.383602 0.949990
vt 0.391806 0.956223
vt 0.391419 0.957602
vt 0.382818 0.951132
vt 0.092753 0.427944
vt 0.092672 0.423557
vt 0.093457 0.428012
vt 0.556580 0.925093
vt 0.557221 0.926805
vt 0.558002 0.927985
vt 0.092777 0.585207
vt 0.522888 0.748841
vt 0.506104 0.734890
vt 0.541711 0.765248
vt 0.544155 0.764965
vt 0.525407 0.748739
vt 0.508678 0.734948
vt 0.527125 0.748335
vt 0.511193 0.735106
vt 0.545519 0.764416
vt 0.092293 0.667643
vt 0.092500 0.657570
vt 0.092319 0.676163
vt 0.346051 0.815669
vt 0.342889 0.830539
vt 0.353529 0.796471
vt 0.351094 0.796998
vt 0.343592 0.816058
vt 0.340427 0.830841
vt 0.342176 0.815990
vt 0.339013 0.830827
vt 0.349607 0.796917
vt 0.092553 0.363983
vt 0.092515 0.355635
vt 0.092534 0.370161
vt 0.366260 0.774558
vt 0.363814 0.775274
vt 0.362038 0.775442
vt 0.092326 0.345540
vt 0.573695 0.833861
vt 0.572275 0.824270
vt 0.574369 0.847190
vt 0.576364 0.846697
vt 0.575750 0.833354
vt 0.574386 0.823745
vt 0.577144 0.833099
vt 0.575773 0.823450
vt 0.577769 0.846496
vt 0.092499 0.625730
vt 0.092507 0.620222
vt 0.092484 0.629730
vt 0.355891 0.902684
vt 0.364945 0.921108
vt 0.349108 0.885572
vt 0.347035 0.885755
vt 0.353911 0.902881
vt 0.363175 0.921433
vt 0.352515 0.903217
vt 0.361862 0.921926
vt 0.345622 0.886024
vt 0.092515 0.400421
vt 0.092512 0.392914
vt 0.092538 0.408899
vt 0.341799 0.840720
vt 0.341823 0.848142
vt 0.339411 0.840959
vt 0.339516 0.848340
vt 0.337993 0.841003
vt 0.338099 0.848439
vt 0.092523 0.374319
vt 0.092507 0.377344
vt 0.554716 0.780654
vt 0.562359 0.793441
vt 0.564748 0.792924
vt 0.557133 0.780226
vt 0.558433 0.779707
vt 0.566063 0.792455
vt 0.092544 0.649295
vt 0.092526 0.643161
vt 0.573517 0.865347
vt 0.575429 0.864896
vt 0.576840 0.864763
vt 0.092511 0.612711
vt 0.374909 0.937277
vt 0.373589 0.937983
vt 0.372475 0.938785
vt 0.092589 0.416990
vt 0.092243 0.520418
vt 0.092229 0.515615
vt 0.092249 0.525112
vt 0.486205 0.807987
vt 0.497038 0.812407
vt 0.497598 0.811107
vt 0.486408 0.806551
vt 0.474544 0.805262
vt 0.474487 0.803766
vt 0.486377 0.804639
vt 0.474117 0.801820
vt 0.498638 0.809459
vt 0.092380 0.556448
vt 0.092311 0.549198
vt 0.092462 0.564526
vt 0.534851 0.876411
vt 0.538473 0.895824
vt 0.539856 0.895386
vt 0.536262 0.876043
vt 0.531092 0.859024
vt 0.532503 0.858631
vt 0.538220 0.875469
vt 0.534580 0.858047
vt 0.541668 0.894756
vt 0.393021 0.900783
vt 0.390784 0.882898
vt 0.396054 0.920411
vt 0.397994 0.920429
vt 0.395085 0.900690
vt 0.392964 0.882775
vt 0.396558 0.900578
vt 0.394445 0.882687
vt 0.399464 0.920384
vt 0.092375 0.456776
vt 0.092450 0.448687
vt 0.092308 0.464030
vt 0.092277 0.543740
vt 0.092269 0.539654
vt 0.526898 0.846263
vt 0.528304 0.845805
vt 0.522523 0.837179
vt 0.523909 0.836656
vt 0.530461 0.845208
vt 0.526132 0.836046
vt 0.390510 0.869249
vt 0.391643 0.859052
vt 0.392771 0.869112
vt 0.393973 0.858907
vt 0.394268 0.869087
vt 0.395471 0.858952
vt 0.092275 0.469489
vt 0.092267 0.473575
vt 0.092572 0.572063
vt 0.542244 0.913819
vt 0.543565 0.913202
vt 0.545177 0.912412
vt 0.398492 0.938526
vt 0.400288 0.938782
vt 0.401759 0.938910
vt 0.092549 0.441122
vt 0.345375 0.872583
vt 0.343584 0.862929
vt 0.341388 0.863119
vt 0.343238 0.872772
vt 0.341819 0.872986
vt 0.339962 0.863292
vt 0.092505 0.387409
vt 0.092490 0.383412
vt 0.393467 0.850699
vt 0.396494 0.842724
vt 0.395864 0.850564
vt 0.398888 0.842707
vt 0.397359 0.850702
vt 0.400316 0.843048
vt 0.092254 0.476956
vt 0.092250 0.480225
vt 0.570815 0.816618
vt 0.569137 0.809810
vt 0.572967 0.816074
vt 0.571353 0.809254
vt 0.574345 0.815748
vt 0.572706 0.808891
vt 0.092488 0.632943
vt 0.092501 0.635843
vt 0.092255 0.536274
vt 0.092251 0.533005
vt 0.518112 0.830076
vt 0.519465 0.829467
vt 0.512890 0.823873
vt 0.514115 0.823095
vt 0.521748 0.828824
vt 0.516358 0.822340
vt 0.566690 0.802704
vt 0.568993 0.802155
vt 0.570329 0.801738
vt 0.092515 0.638950
vt 0.092251 0.529319
vt 0.505963 0.817889
vt 0.506898 0.816846
vt 0.508830 0.815769
vt 0.342467 0.855129
vt 0.340225 0.855314
vt 0.338798 0.855456
vt 0.092493 0.380206
vt 0.401535 0.833968
vt 0.409200 0.824589
vt 0.403736 0.834357
vt 0.410736 0.825815
vt 0.404973 0.835046
vt 0.411699 0.826873
vt 0.092251 0.483911
vt 0.092249 0.488118
vt 0.092225 0.502180
vt 0.092229 0.497615
vt 0.092228 0.506615
vt 0.441374 0.808284
vt 0.452154 0.805720
vt 0.451903 0.804235
vt 0.441065 0.806798
vt 0.430786 0.812654
vt 0.430349 0.811214
vt 0.440794 0.804832
vt 0.430060 0.809242
vt 0.451576 0.802289
vt 0.092225 0.511050
vt 0.463162 0.804607
vt 0.462967 0.803106
vt 0.462581 0.801164
vt 0.092243 0.492812
vt 0.420582 0.819090
vt 0.419916 0.817788
vt 0.419316 0.815957
vt 0.498844 0.726244
vt 0.501455 0.726415
vt 0.504394 0.726943
vt 0.093196 0.680453
vt 0.567510 0.061135
vt 0.563831 0.054825
vt 0.570362 0.069573
vt 0.571455 0.068561
vt 0.568367 0.059728
vt 0.564480 0.053035
vt 0.569879 0.058460
vt 0.565667 0.051386
vt 0.573167 0.067683
vt 0.096402 0.970935
vt 0.096384 0.966986
vt 0.096421 0.974252
vt 0.559300 0.050930
vt 0.554104 0.048563
vt 0.559826 0.048944
vt 0.554525 0.046526
vt 0.560655 0.047048
vt 0.555096 0.044513
vt 0.096414 0.976889
vt 0.096383 0.979300
vt 0.515871 0.054882
vt 0.511092 0.062381
vt 0.520949 0.049641
vt 0.520698 0.047770
vt 0.515329 0.053340
vt 0.510226 0.061177
vt 0.514148 0.051761
vt 0.508756 0.059934
vt 0.519920 0.045895
vt 0.096418 0.029045
vt 0.096433 0.025735
vt 0.096402 0.032983
vt 0.497303 0.103480
vt 0.498821 0.095128
vt 0.497347 0.095078
vt 0.495732 0.103663
vt 0.493792 0.103570
vt 0.495443 0.094812
vt 0.096373 0.051496
vt 0.096382 0.047935
vt 0.537562 0.045593
vt 0.531896 0.045887
vt 0.543158 0.045927
vt 0.543375 0.043883
vt 0.537688 0.043540
vt 0.531918 0.043816
vt 0.537767 0.041444
vt 0.531812 0.041728
vt 0.543608 0.041813
vt 0.096361 0.018351
vt 0.096328 0.016046
vt 0.096390 0.020694
vt 0.548672 0.046931
vt 0.548983 0.044892
vt 0.549374 0.042830
vt 0.096356 0.981645
vt 0.096324 0.983951
vt 0.098640 0.983995
vt 0.526282 0.046944
vt 0.526193 0.044907
vt 0.525815 0.042873
vt 0.096424 0.023102
vt 0.096361 0.948422
vt 0.096368 0.951990
vt 0.577262 0.113681
vt 0.577769 0.104768
vt 0.575858 0.104602
vt 0.575356 0.113334
vt 0.573873 0.112842
vt 0.574419 0.104356
vt 0.215883 0.141454
vt 0.215859 0.127300
vt 0.215940 0.155768
vt 0.211151 0.155389
vt 0.211002 0.141129
vt 0.210851 0.127195
vt 0.206613 0.140604
vt 0.206344 0.126988
vt 0.206844 0.154746
vt 0.199608 0.153598
vt 0.199851 0.139808
vt 0.199654 0.126294
vt 0.215610 0.316323
vt 0.215612 0.301568
vt 0.215590 0.330837
vt 0.210709 0.331097
vt 0.210767 0.316633
vt 0.210826 0.301713
vt 0.206214 0.317032
vt 0.206099 0.301436
vt 0.206269 0.331512
vt 0.198951 0.332072
vt 0.197848 0.317720
vt 0.192722 0.298301
vt 0.215662 0.374069
vt 0.215581 0.359565
vt 0.216162 0.388933
vt 0.211221 0.389000
vt 0.210647 0.373972
vt 0.210560 0.359549
vt 0.206116 0.373970
vt 0.205997 0.359559
vt 0.206373 0.389552
vt 0.194725 0.394383
vt 0.198612 0.374759
vt 0.199222 0.359751
vt 0.195265 0.093002
vt 0.197684 0.075445
vt 0.207926 0.081680
vt 0.206653 0.098348
vt 0.198787 0.060031
vt 0.209230 0.065367
vt 0.213872 0.067257
vt 0.212524 0.082949
vt 0.211459 0.098689
vt 0.217258 0.083382
vt 0.216373 0.098527
vt 0.218546 0.068342
vt 0.200565 0.046316
vt 0.211086 0.050930
vt 0.204155 0.033743
vt 0.214348 0.038191
vt 0.218848 0.039957
vt 0.215823 0.052822
vt 0.220384 0.054117
vt 0.223045 0.041227
vt 0.203510 0.452968
vt 0.199912 0.440278
vt 0.210742 0.436296
vt 0.214084 0.449122
vt 0.198089 0.426698
vt 0.208807 0.421986
vt 0.213616 0.420256
vt 0.215624 0.434657
vt 0.218727 0.447600
vt 0.220266 0.433483
vt 0.223000 0.446450
vt 0.218372 0.419216
vt 0.196961 0.411742
vt 0.207494 0.406066
vt 0.212243 0.404730
vt 0.217047 0.404167
vt 0.812329 0.112632
vt 0.815716 0.111849
vt 0.702132 0.729348
vt 0.697800 0.731793
vt 0.215869 0.170351
vt 0.215808 0.185139
vt 0.211054 0.185245
vt 0.211089 0.170151
vt 0.206717 0.169763
vt 0.206251 0.185699
vt 0.192735 0.188034
vt 0.198395 0.168465
vt 0.215784 0.199945
vt 0.215675 0.214563
vt 0.210762 0.215035
vt 0.210963 0.200330
vt 0.206140 0.201405
vt 0.205831 0.216036
vt 0.195440 0.218439
vt 0.195206 0.205327
vt 0.215578 0.228915
vt 0.215618 0.243145
vt 0.210562 0.243047
vt 0.210566 0.229177
vt 0.205488 0.229660
vt 0.205399 0.242880
vt 0.195134 0.242576
vt 0.195280 0.230546
vt 0.215590 0.257403
vt 0.215681 0.271841
vt 0.210817 0.271285
vt 0.210601 0.256959
vt 0.205579 0.256148
vt 0.206008 0.270066
vt 0.195711 0.266961
vt 0.195412 0.254595
vt 0.215737 0.286635
vt 0.210964 0.286371
vt 0.206279 0.285337
vt 0.195532 0.280702
vt 0.215921 0.113115
vt 0.210918 0.113298
vt 0.206279 0.113366
vt 0.198880 0.112146
vt 0.215530 0.345206
vt 0.210579 0.345330
vt 0.206114 0.345526
vt 0.199265 0.345760
vt 0.506786 0.071045
vt 0.503264 0.079688
vt 0.505679 0.070189
vt 0.501999 0.079156
vt 0.504022 0.069242
vt 0.500213 0.078462
vt 0.096394 0.037161
vt 0.096392 0.041136
vt 0.574433 0.096475
vt 0.573817 0.088269
vt 0.575822 0.096477
vt 0.575153 0.087998
vt 0.577740 0.096431
vt 0.577037 0.087719
vt 0.096373 0.955319
vt 0.096374 0.958806
vt 0.500697 0.087492
vt 0.499320 0.087213
vt 0.497465 0.086746
vt 0.096389 0.044614
vt 0.572468 0.079026
vt 0.573717 0.078405
vt 0.575542 0.077854
vt 0.096376 0.962795
vt 0.103190 0.683872
vt 0.103190 0.682787
vt 0.103190 0.679029
vt 0.103189 0.330435
vt 0.103189 0.329263
vt 0.103189 0.581217
vt 0.103189 0.580697
vt 0.103189 0.580029
vt 0.103189 0.577552
vt 0.103189 0.433143
vt 0.103189 0.432472
vt 0.103189 0.431949
vt 0.103189 0.430647
vt 0.097632 0.427983
vt 0.094637 0.428019
vt 0.103189 0.589588
vt 0.103189 0.596202
vt 0.103189 0.984017
vt 0.103189 0.456802
vt 0.103189 0.464069
vt 0.103189 0.448700
vt 0.103189 0.556423
vt 0.103189 0.549155
vt 0.103189 0.525137
vt 0.103189 0.477068
vt 0.103189 0.480330
vt 0.103189 0.473661
vt 0.103189 0.469546
vt 0.103189 0.529272
vt 0.103189 0.427970
vt 0.103189 0.423554
vt 0.103189 0.483957
vt 0.103189 0.488092
vt 0.103189 0.492743
vt 0.835715 0.072058
vt 0.831402 0.068762
vt 0.833692 0.062516
vt 0.837175 0.061792
vt 0.837499 0.053837
vt 0.832952 0.057958
vt 0.828924 0.064806
vt 0.108859 0.355486
vt 0.108860 0.364058
vt 0.108884 0.377366
vt 0.111949 0.377358
vt 0.111960 0.380200
vt 0.108889 0.380204
vt 0.111964 0.383389
vt 0.108892 0.383387
vt 0.113168 0.380200
vt 0.113171 0.383396
vt 0.113153 0.377352
vt 0.816922 0.734196
vt 0.831974 0.748753
vt 0.816989 0.748502
vt 0.806309 0.732661
vt 0.799998 0.748098
vt 0.793840 0.731017
vt 0.829656 0.767281
vt 0.807832 0.768358
vt 0.849117 0.765932
vt 0.108997 0.464059
vt 0.112120 0.464041
vt 0.112149 0.469528
vt 0.109015 0.469538
vt 0.112159 0.473646
vt 0.109023 0.473656
vt 0.113376 0.469515
vt 0.113385 0.473625
vt 0.113342 0.464034
vt 0.108759 0.435608
vt 0.111768 0.435542
vt 0.111909 0.441065
vt 0.108850 0.441111
vt 0.111997 0.448657
vt 0.108915 0.448681
vt 0.113111 0.441068
vt 0.113207 0.448658
vt 0.112953 0.435526
vt 0.719298 0.719456
vt 0.830036 0.108919
vt 0.835749 0.113790
vt 0.728232 0.715025
vt 0.745225 0.708936
vt 0.845371 0.119295
vt 0.850267 0.120438
vt 0.753831 0.707141
vt 0.744015 0.774684
vt 0.745488 0.792127
vt 0.734578 0.796938
vt 0.733942 0.778167
vt 0.718210 0.803154
vt 0.719244 0.783019
vt 0.734924 0.810177
vt 0.718021 0.820826
vt 0.746182 0.803751
vt 0.108869 0.657724
vt 0.109008 0.668493
vt 0.781855 0.768439
vt 0.786067 0.785367
vt 0.775596 0.785474
vt 0.772215 0.768977
vt 0.765457 0.786692
vt 0.762729 0.770209
vt 0.777943 0.796102
vt 0.767220 0.797252
vt 0.789171 0.796536
vt 0.809362 0.720429
vt 0.810333 0.725282
vt 0.801487 0.723342
vt 0.800633 0.718472
vt 0.790937 0.721275
vt 0.790247 0.716365
vt 0.108885 0.392843
vt 0.108883 0.400329
vt 0.108889 0.620294
vt 0.108893 0.625779
vt 0.108877 0.643083
vt 0.108867 0.649222
vt 0.108872 0.370240
vt 0.111931 0.370231
vt 0.111939 0.374358
vt 0.108879 0.374367
vt 0.113141 0.374345
vt 0.113132 0.370209
vt 0.108909 0.564538
vt 0.108839 0.572096
vt 0.108871 0.408810
vt 0.108840 0.416948
vt 0.108874 0.604319
vt 0.108886 0.612804
vt 0.108785 0.589562
vt 0.111803 0.589525
vt 0.111886 0.596155
vt 0.108840 0.596180
vt 0.111933 0.604305
vt 0.113085 0.596144
vt 0.113135 0.604281
vt 0.112994 0.589528
vt 0.109034 0.480327
vt 0.112179 0.480321
vt 0.112181 0.483953
vt 0.109036 0.483955
vt 0.112184 0.488091
vt 0.109038 0.488091
vt 0.113409 0.483941
vt 0.113413 0.488098
vt 0.113407 0.480294
vt 0.703969 0.843558
vt 0.701476 0.851432
vt 0.684181 0.852966
vt 0.685359 0.845463
vt 0.667123 0.854453
vt 0.667011 0.847316
vt 0.683872 0.861005
vt 0.667813 0.862308
vt 0.700130 0.859688
vt 0.708596 0.834498
vt 0.687841 0.837037
vt 0.691212 0.825490
vt 0.667687 0.839591
vt 0.669324 0.829023
vt 0.821976 0.110415
vt 0.709915 0.724748
vt 0.108061 0.685073
vt 0.107724 0.944591
vt 0.720628 0.742898
vt 0.720201 0.761163
vt 0.704085 0.767014
vt 0.709233 0.748450
vt 0.689813 0.772085
vt 0.699561 0.753302
vt 0.698027 0.789101
vt 0.678947 0.794163
vt 0.855278 0.120647
vt 0.762564 0.706242
vt 0.886335 0.120633
vt 0.810412 0.712487
vt 0.108700 0.582507
vt 0.108732 0.585159
vt 0.109022 0.539573
vt 0.112159 0.539583
vt 0.112148 0.543701
vt 0.109014 0.543690
vt 0.112118 0.549187
vt 0.108996 0.549169
vt 0.113375 0.543714
vt 0.113340 0.549195
vt 0.113385 0.539604
vt 0.108889 0.387360
vt 0.108896 0.629755
vt 0.108894 0.632945
vt 0.108889 0.635822
vt 0.108884 0.638904
vt 0.112186 0.492741
vt 0.109040 0.492741
vt 0.112193 0.497535
vt 0.109044 0.497535
vt 0.113414 0.492759
vt 0.113423 0.497556
vt 0.109034 0.532902
vt 0.109029 0.536166
vt 0.109043 0.506615
vt 0.109044 0.511100
vt 0.753898 0.715244
vt 0.754628 0.720207
vt 0.746091 0.722039
vt 0.745319 0.717071
vt 0.737664 0.724711
vt 0.736852 0.719749
vt 0.747650 0.732441
vt 0.739123 0.735041
vt 0.756288 0.730620
vt 0.869102 0.795250
vt 0.874059 0.804687
vt 0.854456 0.808831
vt 0.847580 0.799061
vt 0.834287 0.813195
vt 0.821076 0.803422
vt 0.859524 0.815996
vt 0.841535 0.820210
vt 0.877245 0.811827
vt 0.699454 0.869778
vt 0.684207 0.870896
vt 0.669157 0.872030
vt 0.686258 0.884193
vt 0.672388 0.885117
vt 0.700277 0.883310
vt 0.109044 0.515695
vt 0.109040 0.520488
vt 0.879462 0.818595
vt 0.863051 0.822670
vt 0.846399 0.826783
vt 0.865918 0.830088
vt 0.850305 0.834069
vt 0.881339 0.826162
vt 0.815227 0.786917
vt 0.797881 0.786375
vt 0.792465 0.768499
vt 0.801824 0.798926
vt 0.107690 0.971039
vt 0.107672 0.974361
vt 0.111930 0.408823
vt 0.111886 0.416971
vt 0.111811 0.423601
vt 0.108790 0.423569
vt 0.113085 0.416982
vt 0.113002 0.423598
vt 0.113131 0.408847
vt 0.112189 0.506615
vt 0.112193 0.511099
vt 0.112193 0.515695
vt 0.113424 0.511086
vt 0.113423 0.515674
vt 0.113417 0.506615
vt 0.111939 0.643093
vt 0.111924 0.649211
vt 0.111942 0.657584
vt 0.113127 0.649224
vt 0.113162 0.657494
vt 0.113142 0.643113
vt 0.693986 0.809230
vt 0.672414 0.813734
vt 0.882537 0.886840
vt 0.879758 0.904460
vt 0.872699 0.907456
vt 0.872870 0.889875
vt 0.865533 0.910642
vt 0.863160 0.893062
vt 0.872591 0.919665
vt 0.867540 0.923211
vt 0.877130 0.915074
vt 0.703254 0.901054
vt 0.690837 0.901655
vt 0.678510 0.902323
vt 0.696860 0.920551
vt 0.686605 0.920820
vt 0.707205 0.920420
vt 0.111927 0.355622
vt 0.111914 0.364068
vt 0.113117 0.364054
vt 0.113146 0.355711
vt 0.111954 0.387366
vt 0.111949 0.392848
vt 0.113158 0.387379
vt 0.113152 0.392867
vt 0.112060 0.556458
vt 0.108958 0.556436
vt 0.111989 0.564564
vt 0.113276 0.556461
vt 0.113198 0.564560
vt 0.861382 0.782026
vt 0.839814 0.784776
vt 0.741555 0.753499
vt 0.732319 0.756685
vt 0.730477 0.738424
vt 0.111952 0.612797
vt 0.111954 0.620289
vt 0.113156 0.612772
vt 0.113158 0.620270
vt 0.111956 0.635829
vt 0.111947 0.638912
vt 0.113150 0.638925
vt 0.113161 0.635835
vt 0.883197 0.835675
vt 0.868775 0.839437
vt 0.854172 0.843279
vt 0.871119 0.852515
vt 0.857741 0.856184
vt 0.884372 0.848933
vt 0.112186 0.520489
vt 0.112184 0.525139
vt 0.109038 0.525138
vt 0.113414 0.520470
vt 0.113413 0.525131
vt 0.111970 0.629753
vt 0.111966 0.632949
vt 0.113174 0.632949
vt 0.113177 0.629746
vt 0.773932 0.729416
vt 0.777441 0.747639
vt 0.768319 0.748117
vt 0.765049 0.729632
vt 0.759298 0.749240
vt 0.112179 0.532909
vt 0.112171 0.536176
vt 0.113399 0.536204
vt 0.113407 0.532935
vt 0.112181 0.529276
vt 0.109036 0.529274
vt 0.113409 0.529288
vt 0.787168 0.747719
vt 0.783155 0.729896
vt 0.750380 0.751044
vt 0.753343 0.772091
vt 0.107704 0.967061
vt 0.112193 0.502131
vt 0.109044 0.502130
vt 0.113424 0.502144
vt 0.112064 0.456767
vt 0.108960 0.456787
vt 0.113281 0.456764
vt 0.710715 0.938057
vt 0.702807 0.937338
vt 0.695060 0.936785
vt 0.706948 0.949005
vt 0.701077 0.946091
vt 0.712960 0.950777
vt 0.840568 0.117116
vt 0.736727 0.711574
vt 0.111947 0.400335
vt 0.113150 0.400360
vt 0.719564 0.727697
vt 0.720323 0.732661
vt 0.710896 0.737999
vt 0.710345 0.732988
vt 0.703070 0.742672
vt 0.702676 0.737627
vt 0.111960 0.625774
vt 0.113164 0.625760
vt 0.111642 0.582475
vt 0.111719 0.585113
vt 0.112898 0.585123
vt 0.112802 0.582470
vt 0.111891 0.572145
vt 0.111735 0.577649
vt 0.108738 0.577579
vt 0.113091 0.572135
vt 0.112917 0.577656
vt 0.755460 0.788827
vt 0.756695 0.799665
vt 0.112171 0.477053
vt 0.109029 0.477063
vt 0.113400 0.477025
vt 0.884168 0.866967
vt 0.872439 0.870295
vt 0.860646 0.873713
vt 0.112095 0.667906
vt 0.112518 0.676610
vt 0.109747 0.678969
vt 0.113334 0.667380
vt 0.113461 0.674302
vt 0.885081 0.071784
vt 0.886838 0.080416
vt 0.883257 0.082861
vt 0.881946 0.075390
vt 0.879434 0.085196
vt 0.877199 0.077875
vt 0.884263 0.089832
vt 0.880402 0.090808
vt 0.888032 0.088838
vt 0.107717 0.951961
vt 0.107714 0.955309
vt 0.816917 0.102938
vt 0.822432 0.101922
vt 0.828106 0.100799
vt 0.822653 0.095005
vt 0.827315 0.094905
vt 0.818030 0.095101
vt 0.881173 0.068663
vt 0.882803 0.064138
vt 0.879387 0.059050
vt 0.878046 0.067209
vt 0.107693 0.979363
vt 0.107714 0.981694
vt 0.828990 0.083976
vt 0.825402 0.082316
vt 0.828230 0.075721
vt 0.831568 0.078652
vt 0.825121 0.072762
vt 0.821888 0.080665
vt 0.867201 0.069482
vt 0.862377 0.067144
vt 0.863428 0.059322
vt 0.868482 0.061367
vt 0.864519 0.051401
vt 0.869787 0.053144
vt 0.858348 0.058219
vt 0.859177 0.050371
vt 0.857534 0.065970
vt 0.729235 0.728195
vt 0.728401 0.723243
vt 0.107699 0.037125
vt 0.107701 0.041131
vt 0.107736 0.016007
vt 0.107711 0.018307
vt 0.107693 0.032913
vt 0.107673 0.976977
vt 0.107690 0.020635
vt 0.107666 0.023017
vt 0.878934 0.101803
vt 0.883590 0.102813
vt 0.881953 0.109678
vt 0.876444 0.107465
vt 0.887346 0.111717
vt 0.888215 0.103803
vt 0.873501 0.064293
vt 0.872074 0.073087
vt 0.874894 0.055607
vt 0.852564 0.065816
vt 0.853159 0.057992
vt 0.853744 0.050073
vt 0.847789 0.058655
vt 0.848217 0.050472
vt 0.847359 0.066752
vt 0.107707 0.047973
vt 0.107713 0.051556
vt 0.842273 0.060142
vt 0.841842 0.068839
vt 0.842681 0.051597
vt 0.823553 0.088641
vt 0.827589 0.089360
vt 0.819579 0.087930
vt 0.860399 0.119880
vt 0.771426 0.706169
vt 0.865738 0.118069
vt 0.780535 0.706857
vt 0.109676 0.334256
vt 0.112444 0.336591
vt 0.112064 0.345284
vt 0.108984 0.344705
vt 0.113301 0.345805
vt 0.113396 0.338891
vt 0.771449 0.714233
vt 0.772104 0.719188
vt 0.763299 0.719283
vt 0.762606 0.714317
vt 0.781146 0.719852
vt 0.780513 0.714913
vt 0.891068 0.122650
vt 0.892964 0.123085
vt 0.819090 0.713723
vt 0.817140 0.713701
vt 0.888484 0.096443
vt 0.884399 0.096374
vt 0.880243 0.096300
vt 0.107721 0.948371
vt 0.107703 0.044632
vt 0.107713 0.958819
vt 0.107711 0.962837
vt 0.107665 0.025629
vt 0.107678 0.028945
vt 0.107719 0.055331
vt 0.107983 0.327958
vt 0.810706 0.112918
vt 0.695740 0.732793
vt 0.808746 0.112887
vt 0.693641 0.733173
vt 0.697513 0.735071
vt 0.695284 0.736122
vt 0.701932 0.732516
vt 0.889561 0.122042
vt 0.815196 0.713435
vt 0.110331 0.327673
vt 0.110632 0.328954
vt 0.108217 0.329260
vt 0.693144 0.736398
vt 0.110012 0.055263
vt 0.108573 0.330436
vt 0.111033 0.329817
vt 0.111804 0.331010
vt 0.693154 0.742287
vt 0.693002 0.738751
vt 0.695307 0.738324
vt 0.695807 0.741214
vt 0.698236 0.740161
vt 0.697651 0.737242
vt 0.702110 0.734670
vt 0.110435 0.685212
vt 0.110020 0.944649
vt 0.814831 0.716528
vt 0.809914 0.715515
vt 0.817029 0.716782
vt 0.809563 0.717540
vt 0.814549 0.718550
vt 0.814339 0.721423
vt 0.816972 0.718824
vt 0.816909 0.721671
vt 0.111938 0.682171
vt 0.111174 0.683316
vt 0.108673 0.682786
vt 0.110763 0.684079
vt 0.108312 0.683885
vt 0.819156 0.718636
vt 0.819012 0.716589
vt 0.819679 0.721918
vt 0.112774 0.433063
vt 0.113442 0.433083
vt 0.113655 0.435590
vt 0.719350 0.952520
vt 0.719247 0.958745
vt 0.718044 0.958153
vt 0.717937 0.952177
vt 0.718605 0.960292
vt 0.717958 0.959512
vt 0.112708 0.432439
vt 0.113350 0.432430
vt 0.716323 0.951686
vt 0.716724 0.957630
vt 0.713840 0.956673
vt 0.716985 0.959355
vt 0.714063 0.958628
vt 0.112841 0.430681
vt 0.113540 0.430616
vt 0.113412 0.431934
vt 0.112745 0.431955
vt 0.717353 0.960617
vt 0.714076 0.960077
vt 0.113617 0.577568
vt 0.113394 0.580065
vt 0.112725 0.580102
vt 0.113300 0.580733
vt 0.112657 0.580726
vt 0.864203 0.932601
vt 0.865128 0.931637
vt 0.865700 0.932902
vt 0.865344 0.933854
vt 0.862071 0.926833
vt 0.863266 0.926023
vt 0.112696 0.581210
vt 0.113365 0.581245
vt 0.113501 0.582558
vt 0.869563 0.932233
vt 0.866663 0.933768
vt 0.866615 0.932453
vt 0.869144 0.930853
vt 0.868676 0.928968
vt 0.866244 0.930745
vt 0.864648 0.925080
vt 0.111606 0.580071
vt 0.108698 0.580041
vt 0.111583 0.580717
vt 0.108694 0.580705
vt 0.111592 0.581220
vt 0.108694 0.581221
vt 0.771213 0.711303
vt 0.780315 0.711982
vt 0.790138 0.713441
vt 0.780292 0.709888
vt 0.790195 0.711360
vt 0.771175 0.709204
vt 0.709836 0.730026
vt 0.719103 0.724741
vt 0.709684 0.727877
vt 0.718996 0.722590
vt 0.800688 0.715565
vt 0.800917 0.713513
vt 0.113066 0.332743
vt 0.113985 0.337028
vt 0.693465 0.747602
vt 0.696132 0.746159
vt 0.691897 0.756666
vt 0.689537 0.757626
vt 0.698588 0.745171
vt 0.694347 0.755785
vt 0.736469 0.716806
vt 0.744974 0.714133
vt 0.753591 0.712311
vt 0.744916 0.712012
vt 0.753540 0.710199
vt 0.736402 0.714673
vt 0.762336 0.711390
vt 0.762293 0.709286
vt 0.727980 0.720294
vt 0.727901 0.718148
vt 0.108724 0.433129
vt 0.111650 0.433101
vt 0.111629 0.432449
vt 0.108721 0.432461
vt 0.108720 0.431942
vt 0.111635 0.431940
vt 0.111678 0.430669
vt 0.108722 0.430647
vt 0.887455 0.885457
vt 0.883334 0.903752
vt 0.878321 0.917287
vt 0.884794 0.903988
vt 0.879315 0.918395
vt 0.889212 0.885193
vt 0.890596 0.885233
vt 0.886090 0.904380
vt 0.880408 0.919215
vt 0.113789 0.596136
vt 0.113696 0.589574
vt 0.113844 0.604229
vt 0.708321 0.954372
vt 0.700677 0.948603
vt 0.708300 0.956227
vt 0.700097 0.949994
vt 0.707914 0.957606
vt 0.699312 0.951136
vt 0.113625 0.427944
vt 0.112920 0.428012
vt 0.113705 0.423557
vt 0.873072 0.925092
vt 0.873712 0.926803
vt 0.874493 0.927983
vt 0.113602 0.585207
vt 0.822593 0.734892
vt 0.839376 0.748843
vt 0.858199 0.765249
vt 0.841895 0.748741
vt 0.860643 0.764966
vt 0.825166 0.734951
vt 0.827681 0.735109
vt 0.843613 0.748337
vt 0.862007 0.764417
vt 0.114086 0.667643
vt 0.113880 0.657570
vt 0.114060 0.676163
vt 0.659381 0.830545
vt 0.662543 0.815675
vt 0.670019 0.796476
vt 0.660084 0.816064
vt 0.667585 0.797003
vt 0.656919 0.830846
vt 0.655505 0.830832
vt 0.658668 0.815995
vt 0.666098 0.796922
vt 0.113825 0.363982
vt 0.113863 0.355635
vt 0.113844 0.370161
vt 0.682751 0.774563
vt 0.680305 0.775279
vt 0.678528 0.775447
vt 0.114051 0.345540
vt 0.888764 0.824270
vt 0.890184 0.833860
vt 0.890859 0.847189
vt 0.892240 0.833353
vt 0.892853 0.846695
vt 0.890876 0.823744
vt 0.892263 0.823449
vt 0.893633 0.833098
vt 0.894259 0.846494
vt 0.113880 0.625730
vt 0.113872 0.620222
vt 0.113895 0.629730
vt 0.681439 0.921112
vt 0.672384 0.902689
vt 0.665601 0.885577
vt 0.670404 0.902885
vt 0.663528 0.885760
vt 0.679669 0.921437
vt 0.678356 0.921930
vt 0.669009 0.903222
vt 0.662115 0.886029
vt 0.113862 0.400421
vt 0.113865 0.392914
vt 0.113840 0.408899
vt 0.658315 0.848147
vt 0.658291 0.840725
vt 0.655903 0.840964
vt 0.656008 0.848345
vt 0.654591 0.848445
vt 0.654485 0.841008
vt 0.113855 0.374319
vt 0.113871 0.377344
vt 0.871204 0.780655
vt 0.878847 0.793441
vt 0.873621 0.780226
vt 0.881237 0.792924
vt 0.874922 0.779707
vt 0.882552 0.792455
vt 0.113836 0.649295
vt 0.113853 0.643161
vt 0.890007 0.865346
vt 0.891919 0.864895
vt 0.893330 0.864762
vt 0.113868 0.612711
vt 0.691403 0.937282
vt 0.690083 0.937987
vt 0.688969 0.938789
vt 0.113789 0.416990
vt 0.114149 0.515615
vt 0.114135 0.520418
vt 0.114129 0.525112
vt 0.802695 0.807989
vt 0.802898 0.806553
vt 0.814088 0.811108
vt 0.813528 0.812409
vt 0.791035 0.805264
vt 0.790977 0.803769
vt 0.790607 0.801822
vt 0.802868 0.804641
vt 0.815128 0.809460
vt 0.114067 0.549198
vt 0.113998 0.556448
vt 0.113917 0.564526
vt 0.851342 0.876411
vt 0.852753 0.876042
vt 0.856348 0.895385
vt 0.854964 0.895823
vt 0.847583 0.859024
vt 0.848994 0.858631
vt 0.851071 0.858047
vt 0.854711 0.875468
vt 0.858159 0.894755
vt 0.707276 0.882902
vt 0.709515 0.900787
vt 0.712547 0.920415
vt 0.711578 0.900694
vt 0.714488 0.920433
vt 0.709457 0.882779
vt 0.710937 0.882691
vt 0.713051 0.900582
vt 0.715958 0.920387
vt 0.114003 0.456776
vt 0.113927 0.448687
vt 0.114070 0.464030
vt 0.114110 0.539654
vt 0.114102 0.543740
vt 0.843388 0.846263
vt 0.844794 0.845805
vt 0.839014 0.837180
vt 0.840399 0.836657
vt 0.842622 0.836046
vt 0.846951 0.845208
vt 0.708136 0.859056
vt 0.707002 0.869253
vt 0.709264 0.869116
vt 0.710465 0.858911
vt 0.711963 0.858956
vt 0.710760 0.869091
vt 0.114103 0.469489
vt 0.114110 0.473575
vt 0.113806 0.572063
vt 0.858736 0.913818
vt 0.860057 0.913201
vt 0.861669 0.912411
vt 0.714986 0.938530
vt 0.716782 0.938786
vt 0.718253 0.938914
vt 0.113828 0.441122
vt 0.661868 0.872588
vt 0.660077 0.862934
vt 0.659731 0.872777
vt 0.657881 0.863124
vt 0.658312 0.872991
vt 0.656455 0.863297
vt 0.113873 0.387409
vt 0.113888 0.383412
vt 0.712986 0.842728
vt 0.709959 0.850703
vt 0.712356 0.850568
vt 0.715380 0.842711
vt 0.716808 0.843052
vt 0.713851 0.850706
vt 0.114123 0.476955
vt 0.114128 0.480225
vt 0.885626 0.809810
vt 0.887304 0.816618
vt 0.889456 0.816073
vt 0.887842 0.809254
vt 0.889195 0.808891
vt 0.890834 0.815748
vt 0.113891 0.632943
vt 0.113878 0.635843
vt 0.114128 0.533004
vt 0.114123 0.536274
vt 0.834603 0.830077
vt 0.835955 0.829468
vt 0.829380 0.823874
vt 0.830606 0.823096
vt 0.832848 0.822341
vt 0.838238 0.828824
vt 0.883179 0.802704
vt 0.885481 0.802155
vt 0.886818 0.801738
vt 0.113864 0.638950
vt 0.114127 0.529319
vt 0.822453 0.817890
vt 0.823389 0.816847
vt 0.825320 0.815770
vt 0.658960 0.855134
vt 0.656717 0.855320
vt 0.655290 0.855462
vt 0.113884 0.380206
vt 0.725691 0.824592
vt 0.718026 0.833972
vt 0.720228 0.834361
vt 0.727227 0.825819
vt 0.728190 0.826876
vt 0.721465 0.835050
vt 0.114127 0.483911
vt 0.114129 0.488117
vt 0.114149 0.497615
vt 0.114153 0.502180
vt 0.114150 0.506615
vt 0.757865 0.808287
vt 0.757556 0.806801
vt 0.768394 0.804238
vt 0.768645 0.805723
vt 0.747277 0.812658
vt 0.746840 0.811217
vt 0.746551 0.809245
vt 0.757284 0.804834
vt 0.768066 0.802292
vt 0.114153 0.511050
vt 0.779653 0.804609
vt 0.779457 0.803109
vt 0.779071 0.801167
vt 0.114135 0.492812
vt 0.737074 0.819094
vt 0.736408 0.817792
vt 0.735807 0.815960
vt 0.815332 0.726247
vt 0.817943 0.726418
vt 0.820882 0.726945
vt 0.113183 0.680453
vt 0.880320 0.054826
vt 0.884000 0.061135
vt 0.886851 0.069574
vt 0.884857 0.059729
vt 0.887945 0.068562
vt 0.880969 0.053035
vt 0.882156 0.051387
vt 0.886368 0.058461
vt 0.889657 0.067684
vt 0.109976 0.970935
vt 0.109994 0.966986
vt 0.109957 0.974252
vt 0.870593 0.048564
vt 0.875789 0.050931
vt 0.876315 0.048945
vt 0.871014 0.046526
vt 0.871586 0.044513
vt 0.877144 0.047048
vt 0.109964 0.976889
vt 0.109995 0.979300
vt 0.827580 0.062382
vt 0.832359 0.054883
vt 0.837437 0.049641
vt 0.831817 0.053341
vt 0.837186 0.047771
vt 0.826714 0.061178
vt 0.825244 0.059934
vt 0.830636 0.051761
vt 0.836408 0.045895
vt 0.109960 0.029045
vt 0.109945 0.025735
vt 0.109976 0.032983
vt 0.813790 0.103482
vt 0.815309 0.095130
vt 0.812219 0.103665
vt 0.813834 0.095079
vt 0.810279 0.103572
vt 0.811930 0.094814
vt 0.110005 0.051496
vt 0.109995 0.047935
vt 0.848384 0.045887
vt 0.854050 0.045593
vt 0.859646 0.045927
vt 0.854177 0.043540
vt 0.859864 0.043883
vt 0.848407 0.043816
vt 0.848301 0.041728
vt 0.854255 0.041444
vt 0.860097 0.041812
vt 0.110017 0.018351
vt 0.110050 0.016046
vt 0.109988 0.020694
vt 0.865161 0.046931
vt 0.865472 0.044893
vt 0.865863 0.042831
vt 0.110022 0.981645
vt 0.110053 0.983951
vt 0.107738 0.983995
vt 0.842770 0.046944
vt 0.842681 0.044907
vt 0.842304 0.042873
vt 0.109954 0.023103
vt 0.110017 0.948422
vt 0.110010 0.951990
vt 0.893751 0.113683
vt 0.891845 0.113337
vt 0.892347 0.104604
vt 0.894259 0.104770
vt 0.890363 0.112844
vt 0.890909 0.104358
vt 0.323366 0.127251
vt 0.323365 0.141410
vt 0.323324 0.155726
vt 0.328247 0.141079
vt 0.328113 0.155343
vt 0.328377 0.127138
vt 0.332887 0.126923
vt 0.332637 0.140547
vt 0.332421 0.154696
vt 0.339402 0.139742
vt 0.339658 0.153540
vt 0.339580 0.126218
vt 0.323763 0.301542
vt 0.323777 0.316296
vt 0.323809 0.330807
vt 0.328620 0.316602
vt 0.328689 0.331063
vt 0.328548 0.301683
vt 0.333276 0.301402
vt 0.333172 0.316997
vt 0.333129 0.331474
vt 0.341538 0.317679
vt 0.340444 0.332027
vt 0.346650 0.298257
vt 0.323854 0.359530
vt 0.323807 0.374026
vt 0.323352 0.388876
vt 0.328819 0.373916
vt 0.328289 0.388928
vt 0.328873 0.359504
vt 0.333433 0.359505
vt 0.333345 0.373902
vt 0.333135 0.389466
vt 0.340842 0.374669
vt 0.344788 0.394254
vt 0.340202 0.359685
vt 0.343928 0.092891
vt 0.332533 0.098254
vt 0.331243 0.081568
vt 0.341497 0.075318
vt 0.329926 0.065220
vt 0.340397 0.059872
vt 0.326639 0.082846
vt 0.325272 0.067116
vt 0.327721 0.098600
vt 0.322800 0.098442
vt 0.321897 0.083288
vt 0.320586 0.068205
vt 0.328062 0.050741
vt 0.338628 0.046114
vt 0.324797 0.037931
vt 0.335042 0.033480
vt 0.323305 0.052643
vt 0.320270 0.039700
vt 0.318724 0.053953
vt 0.316046 0.040970
vt 0.336271 0.452968
vt 0.325634 0.449170
vt 0.328924 0.436266
vt 0.339809 0.440208
vt 0.330807 0.421917
vt 0.341564 0.426589
vt 0.324018 0.434637
vt 0.325984 0.420201
vt 0.320960 0.447667
vt 0.316656 0.446536
vt 0.319353 0.433469
vt 0.321216 0.419177
vt 0.332066 0.405974
vt 0.342624 0.411613
vt 0.327313 0.404651
vt 0.322506 0.404097
vt 0.323409 0.170312
vt 0.323482 0.185100
vt 0.328189 0.170108
vt 0.328236 0.185203
vt 0.332562 0.169716
vt 0.333040 0.185653
vt 0.340884 0.168411
vt 0.346559 0.187979
vt 0.323518 0.199907
vt 0.323635 0.214525
vt 0.328339 0.200289
vt 0.328549 0.214993
vt 0.333162 0.201360
vt 0.333482 0.215991
vt 0.344100 0.205275
vt 0.343875 0.218388
vt 0.323743 0.228878
vt 0.323712 0.243110
vt 0.328756 0.229137
vt 0.328768 0.243008
vt 0.333834 0.229617
vt 0.333932 0.242838
vt 0.344044 0.230495
vt 0.344199 0.242526
vt 0.323751 0.257369
vt 0.323669 0.271810
vt 0.328740 0.256922
vt 0.328534 0.271250
vt 0.333762 0.256107
vt 0.333343 0.270028
vt 0.343929 0.254547
vt 0.343639 0.266915
vt 0.323626 0.286607
vt 0.328398 0.286339
vt 0.333083 0.285301
vt 0.343827 0.280658
vt 0.323277 0.113053
vt 0.328285 0.113228
vt 0.332929 0.113289
vt 0.340333 0.112056
vt 0.323886 0.345173
vt 0.328835 0.345291
vt 0.333297 0.345482
vt 0.340142 0.345708
vt 0.819752 0.079689
vt 0.823274 0.071046
vt 0.822167 0.070190
vt 0.818487 0.079157
vt 0.816701 0.078463
vt 0.820510 0.069242
vt 0.109983 0.037161
vt 0.109986 0.041136
vt 0.890307 0.088271
vt 0.890923 0.096477
vt 0.892312 0.096479
vt 0.891643 0.088000
vt 0.893527 0.087721
vt 0.894230 0.096433
vt 0.110004 0.955319
vt 0.110004 0.958806
vt 0.817184 0.087493
vt 0.815807 0.087215
vt 0.813952 0.086747
vt 0.109989 0.044614
vt 0.888958 0.079027
vt 0.890207 0.078406
vt 0.892032 0.077856
vt 0.110002 0.962795
vt 0.111740 0.428019
vt 0.108746 0.427983
vn -0.0396 0.9981 0.0463
vn 0.0044 1.0000 -0.0005
vn 0.0089 0.9998 -0.0189
vn 0.0012 0.9999 -0.0110
vn 0.0602 0.9964 -0.0595
vn 0.0542 0.9936 -0.0993
vn 0.0397 0.9929 -0.1124
vn 0.2614 0.0000 -0.9652
vn 0.1130 0.0000 -0.9936
vn 0.1141 0.0048 -0.9935
vn 0.2650 0.0192 -0.9641
vn -0.2440 0.0015 -0.9698
vn -0.3098 0.0015 -0.9508
vn -0.3097 0.0291 -0.9504
vn -0.2440 0.0289 -0.9694
vn -0.3500 0.0016 -0.9368
vn -0.3498 0.0293 -0.9364
vn -0.3460 0.1513 -0.9260
vn -0.3065 0.1505 -0.9399
vn -0.2416 0.1493 -0.9588
vn 0.2219 0.9742 0.0417
vn 0.1776 0.9840 0.0133
vn 0.0415 0.9991 0.0038
vn 0.0772 0.9966 0.0280
vn 0.1573 0.9875 0.0040
vn 0.0337 0.9994 -0.0010
vn 0.0033 1.0000 0.0001
vn 0.0071 1.0000 0.0039
vn 0.0310 0.9992 0.0246
vn 0.2778 0.0017 0.9606
vn 0.1491 0.0017 0.9888
vn 0.1489 0.0312 0.9884
vn 0.2777 0.0314 0.9601
vn 0.0229 0.0016 0.9997
vn 0.0226 0.0306 0.9993
vn 0.0217 0.1583 0.9872
vn 0.1467 0.1618 0.9759
vn 0.2742 0.1623 0.9479
vn 0.3111 0.0010 0.9504
vn 0.3468 0.0015 0.9379
vn 0.3468 0.0312 0.9374
vn 0.3123 0.0286 0.9495
vn 0.3627 0.0017 0.9319
vn 0.3625 0.0314 0.9315
vn 0.3577 0.1619 0.9197
vn 0.3425 0.1623 0.9254
vn 0.3112 0.1559 0.9375
vn 0.0822 0.9951 -0.0544
vn 0.0821 0.9955 -0.0471
vn 0.0428 0.9986 0.0299
vn 0.0291 0.9989 0.0376
vn 0.0826 0.9961 -0.0311
vn 0.0829 0.9963 -0.0221
vn 0.0536 0.9986 0.0008
vn 0.0521 0.9986 0.0112
vn 0.0025 1.0000 -0.0011
vn -0.0061 1.0000 0.0046
vn -0.0072 1.0000 0.0041
vn 0.0028 1.0000 -0.0017
vn -0.0037 1.0000 0.0030
vn -0.0201 0.9994 0.0264
vn -0.0366 0.9989 0.0308
vn -0.0427 0.9987 0.0266
vn 0.7225 0.0000 0.6914
vn 0.7891 0.0000 0.6143
vn 0.7912 0.0561 0.6089
vn 0.7250 0.0193 0.6885
vn 0.0027 1.0000 -0.0004
vn 0.0026 1.0000 -0.0005
vn -0.0083 1.0000 0.0013
vn -0.0083 1.0000 0.0002
vn 0.0026 1.0000 -0.0007
vn -0.0082 1.0000 0.0023
vn -0.0491 0.9987 0.0136
vn -0.0501 0.9987 0.0070
vn -0.0503 0.9987 -0.0007
vn 0.5727 0.8144 0.0931
vn 0.5602 0.8259 0.0639
vn 0.4185 0.9072 0.0419
vn 0.4482 0.8913 0.0689
vn 0.5504 0.8340 0.0380
vn 0.3991 0.9166 0.0234
vn -0.5111 0.0000 -0.8596
vn -0.5940 0.0000 -0.8044
vn -0.5940 0.0015 -0.8045
vn -0.5110 0.0015 -0.8596
vn 0.0054 0.0000 1.0000
vn 0.1120 0.0000 0.9937
vn 0.1120 0.0015 0.9937
vn 0.0054 0.0015 1.0000
vn 0.4984 0.0000 0.8669
vn 0.6098 0.0000 0.7926
vn 0.6106 0.0048 0.7919
vn 0.4985 0.0017 0.8669
vn -0.0206 0.0017 -0.9998
vn -0.1382 0.0015 -0.9904
vn -0.1384 0.0284 -0.9900
vn -0.0204 0.0286 -0.9994
vn -0.1374 0.1468 -0.9796
vn -0.0204 0.1446 -0.9893
vn -0.0207 0.0000 -0.9998
vn -0.1382 -0.0000 -0.9904
vn -0.1866 0.0000 -0.9824
vn -0.1866 0.0016 -0.9824
vn -0.1698 0.0016 -0.9855
vn -0.1698 -0.0000 -0.9855
vn -0.6701 0.0000 -0.7423
vn -0.7556 0.0000 -0.6550
vn -0.7556 0.0013 -0.6550
vn -0.6700 0.0014 -0.7423
vn -0.1913 0.0000 0.9815
vn -0.0942 0.0000 0.9956
vn -0.0941 0.0015 0.9956
vn -0.1913 0.0014 0.9815
vn -0.4832 0.0013 0.8755
vn -0.3097 0.0013 0.9508
vn -0.3094 0.0247 0.9506
vn -0.4834 0.0244 0.8751
vn -0.1909 0.0263 0.9812
vn -0.1884 0.1362 0.9726
vn -0.3065 0.1287 0.9431
vn -0.4802 0.1270 0.8679
vn -0.2677 0.0014 0.9635
vn -0.4348 0.0013 0.9005
vn -0.4349 0.0248 0.9001
vn -0.2683 0.0266 0.9630
vn -0.5897 0.0013 0.8076
vn -0.5892 0.0250 0.8076
vn -0.5836 0.1306 0.8015
vn -0.4320 0.1294 0.8925
vn -0.2679 0.1385 0.9534
vn -0.0067 0.9995 0.0309
vn -0.0007 1.0000 -0.0001
vn -0.0006 1.0000 -0.0002
vn -0.0016 0.9995 0.0315
vn -0.0051 0.9996 -0.0294
vn -0.0081 0.9995 -0.0305
vn -0.0104 0.9994 -0.0317
vn -0.0005 1.0000 -0.0001
vn 0.0023 0.9995 0.0326
vn -0.0022 1.0000 -0.0008
vn -0.0015 1.0000 0.0000
vn -0.0129 0.9995 0.0302
vn 0.0000 0.9996 -0.0273
vn -0.0021 0.9996 -0.0279
vn 0.0866 0.9869 -0.1360
vn 0.0832 0.9937 -0.0745
vn 0.0019 1.0000 -0.0076
vn 0.0030 0.9968 -0.0805
vn 0.0981 0.0000 0.9952
vn 0.0094 -0.0000 1.0000
vn 0.0092 0.0380 0.9992
vn 0.0969 0.0444 0.9943
vn 0.1328 0.9875 -0.0846
vn 0.1453 0.9840 -0.1030
vn 0.0336 0.9991 -0.0246
vn 0.0293 0.9994 -0.0165
vn 0.1687 0.9741 -0.1503
vn 0.0517 0.9966 -0.0638
vn 0.0138 0.9992 -0.0371
vn 0.0041 1.0000 -0.0070
vn 0.0836 0.9964 -0.0136
vn 0.0522 0.9986 -0.0095
vn 0.0003 0.9972 0.0744
vn 0.0017 1.0000 0.0068
vn 0.0870 0.9960 0.0183
vn 0.0883 0.9938 0.0681
vn -0.8319 0.0000 0.5549
vn -0.6889 0.0000 0.7248
vn -0.6890 0.0014 0.7248
vn -0.8319 0.0015 0.5549
vn -0.4959 0.0016 -0.8684
vn -0.3821 0.0017 -0.9241
vn -0.3820 0.0312 -0.9236
vn -0.4959 0.0306 -0.8678
vn -0.2573 0.0017 -0.9663
vn -0.2571 0.0314 -0.9659
vn -0.2538 0.1622 -0.9536
vn -0.3775 0.1618 -0.9118
vn -0.4904 0.1583 -0.8570
vn -0.3500 0.0000 -0.9368
vn -0.4164 0.0000 -0.9092
vn -0.4164 0.0015 -0.9092
vn -0.4959 0.0000 -0.8684
vn -0.3821 0.0000 -0.9241
vn 0.1835 0.0000 0.9830
vn 0.2272 0.0000 0.9738
vn 0.2272 0.0015 0.9738
vn 0.1835 0.0016 0.9830
vn 0.2960 0.0000 0.9552
vn 0.3957 0.0000 0.9184
vn 0.3957 0.0015 0.9184
vn 0.2960 0.0015 0.9552
vn -0.7200 0.0014 0.6940
vn -0.7193 0.0269 0.6941
vn -0.8300 0.0016 0.5578
vn -0.8293 0.0295 0.5580
vn -0.8188 0.1530 0.5533
vn -0.7113 0.1400 0.6888
vn -0.7262 0.0000 -0.6875
vn -0.6045 0.0000 -0.7966
vn -0.6046 0.0015 -0.7965
vn -0.7262 0.0014 -0.6875
vn -0.2440 -0.0000 -0.9698
vn -0.3098 -0.0000 -0.9508
vn -0.9635 0.0000 0.2676
vn -0.9924 0.0000 0.1232
vn -0.9924 0.0017 0.1231
vn -0.9635 0.0017 0.2676
vn 0.5080 0.8497 -0.1414
vn 0.4940 0.8475 -0.1943
vn 0.3452 0.9288 -0.1352
vn 0.3550 0.9296 -0.0987
vn 0.4804 0.8429 -0.2425
vn 0.3368 0.9263 -0.1690
vn 0.1276 0.9899 -0.0623
vn 0.1294 0.9903 -0.0499
vn 0.1326 0.9905 -0.0368
vn 0.0141 0.9996 0.0234
vn -0.0014 1.0000 0.0019
vn -0.0013 1.0000 0.0007
vn 0.0126 0.9996 0.0250
vn -0.0308 0.9995 -0.0122
vn -0.0265 0.9995 -0.0192
vn -0.0216 0.9995 -0.0230
vn -0.0006 1.0000 0.0005
vn 0.0109 0.9996 0.0278
vn -0.0006 1.0000 -0.0003
vn 0.0064 0.9994 0.0332
vn -0.0142 0.9993 -0.0334
vn -0.0198 0.9992 -0.0349
vn -0.0007 1.0000 -0.0003
vn 0.0114 0.9993 0.0347
vn -0.9988 0.0000 -0.0499
vn -0.9747 0.0000 -0.2233
vn -0.9747 0.0014 -0.2234
vn -0.9988 0.0016 -0.0499
vn -0.0004 1.0000 0.0004
vn 0.0089 0.9995 0.0303
vn -0.0176 0.9995 -0.0261
vn -0.0148 0.9995 -0.0291
vn -0.0004 1.0000 0.0003
vn 0.0074 0.9994 0.0326
vn -0.0076 1.0000 -0.0008
vn -0.0048 1.0000 -0.0006
vn -0.0472 0.9989 -0.0075
vn 0.7217 0.0000 0.6922
vn 0.7231 0.0400 0.6896
vn 0.5072 0.0328 0.8612
vn 0.5064 0.0000 0.8623
vn 0.3468 0.0000 0.9379
vn 0.3106 -0.0000 0.9505
vn -0.7553 0.0251 -0.6549
vn -0.6696 0.0263 -0.7423
vn -0.8655 0.0014 -0.5010
vn -0.8654 0.0254 -0.5004
vn -0.8587 0.1316 -0.4953
vn -0.7489 0.1302 -0.6497
vn -0.6629 0.1365 -0.7361
vn -0.9919 0.0315 0.1227
vn -0.9630 0.0322 0.2674
vn -0.9983 0.0295 -0.0505
vn -0.9869 0.1530 -0.0519
vn -0.9792 0.1633 0.1201
vn -0.9501 0.1666 0.2638
vn 0.6123 0.0403 0.7896
vn 0.4984 0.0286 0.8665
vn 0.7277 0.0923 0.6797
vn 0.7135 0.2382 0.6589
vn 0.6065 0.1611 0.7786
vn 0.4932 0.1446 0.8578
vn -0.0011 1.0000 -0.0033
vn 0.0035 0.9996 -0.0296
vn -0.0095 0.9983 0.0568
vn -0.0016 1.0000 0.0010
vn -0.0078 1.0000 0.0032
vn -0.0239 0.9968 0.0759
vn -0.0066 0.9988 -0.0488
vn -0.0136 0.9983 -0.0566
vn -0.0459 0.9980 -0.0437
vn -0.0462 0.9982 0.0376
vn -0.0417 0.9955 0.0854
vn -0.0008 1.0000 -0.0002
vn 0.0161 0.9991 0.0385
vn -0.0265 0.9989 -0.0378
vn -0.0374 0.9983 -0.0438
vn -0.0019 1.0000 -0.0000
vn 0.0195 0.9988 0.0453
vn 0.1166 0.0403 -0.9924
vn 0.2717 0.0921 -0.9580
vn 0.1173 0.1609 -0.9800
vn 0.2702 0.2380 -0.9329
vn -0.4161 0.0292 -0.9088
vn -0.5106 0.0287 -0.8593
vn -0.5047 0.1482 -0.8504
vn -0.4114 0.1507 -0.8989
vn -0.1816 0.0016 -0.9834
vn -0.1815 0.0311 -0.9829
vn -0.1697 0.0308 -0.9850
vn -0.1676 0.1593 -0.9729
vn -0.1791 0.1606 -0.9706
vn 0.0008 1.0000 0.0034
vn 0.0183 0.9996 0.0235
vn 0.1278 0.9891 -0.0735
vn 0.0281 0.9995 -0.0146
vn 0.0280 0.9995 -0.0129
vn -0.0938 0.0277 0.9952
vn 0.0056 0.0287 0.9996
vn 0.0061 0.1481 0.9889
vn -0.0922 0.1434 0.9854
vn 0.3954 0.0284 0.9181
vn 0.2958 0.0289 0.9548
vn 0.3908 0.1467 0.9087
vn 0.2924 0.1492 0.9446
vn -0.0003 1.0000 0.0005
vn 0.0051 0.9993 0.0359
vn -0.0116 0.9994 -0.0317
vn -0.0081 0.9993 -0.0356
vn -0.0004 1.0000 0.0006
vn 0.0011 0.9992 0.0401
vn -0.9743 0.0269 -0.2238
vn -0.9217 0.0013 -0.3879
vn -0.9213 0.0250 -0.3881
vn -0.9133 0.1306 -0.3858
vn -0.9646 0.1400 -0.2234
vn 0.2271 0.0291 0.9734
vn 0.1834 0.0292 0.9826
vn 0.2244 0.1505 0.9628
vn 0.1813 0.1512 0.9717
vn 0.1414 0.9899 -0.0124
vn 0.1366 0.9903 -0.0240
vn 0.0297 0.9995 -0.0056
vn 0.0306 0.9995 -0.0034
vn 0.0289 0.9996 -0.0080
vn -0.6048 0.0291 -0.7959
vn -0.7264 0.0266 -0.6867
vn -0.5995 0.1509 -0.7860
vn -0.7212 0.1385 -0.6787
vn -0.8369 0.0013 -0.5474
vn -0.8368 0.0248 -0.5470
vn -0.8304 0.1294 -0.5419
vn 0.1474 0.9891 -0.0029
vn 0.0316 0.9995 -0.0020
vn 0.0283 0.9995 -0.0105
vn 0.0025 1.0000 -0.0009
vn 0.3737 0.0304 0.9270
vn 0.3737 0.0000 0.9276
vn -0.9138 0.0017 0.4062
vn -0.9132 0.0315 0.4063
vn -0.9010 0.1633 0.4020
vn 0.3515 0.0017 0.9362
vn 0.3513 0.0312 0.9357
vn 0.3469 0.1613 0.9239
vn 0.0177 0.9983 0.0556
vn -0.0597 0.9968 -0.0527
vn -0.0800 0.9955 -0.0517
vn -0.0592 0.9982 -0.0086
vn -0.0165 0.9980 0.0609
vn 0.0824 0.9958 -0.0398
vn 0.0484 0.9986 0.0210
vn -0.5936 0.0277 -0.8043
vn -0.5871 0.1434 -0.7967
vn 0.4587 0.8284 -0.3214
vn 0.4547 0.8191 -0.3498
vn 0.3387 0.9062 -0.2531
vn 0.3313 0.9158 -0.2269
vn 0.4525 0.8055 -0.3825
vn 0.3506 0.8899 -0.2918
vn 0.1121 0.0292 0.9933
vn 0.1111 0.1506 0.9823
vn -0.6894 0.0260 0.7239
vn -0.8315 0.0277 0.5548
vn -0.6844 0.1362 0.7163
vn -0.8220 0.1458 0.5505
vn -0.1865 0.0303 -0.9820
vn -0.2243 0.0016 -0.9745
vn -0.2238 0.0289 -0.9742
vn -0.2199 0.1516 -0.9637
vn -0.1840 0.1572 -0.9703
vn -0.0465 0.9987 0.0199
vn -0.1073 0.0015 0.9942
vn -0.1078 0.0291 0.9937
vn -0.1083 0.1509 0.9826
vn -0.0006 1.0000 0.0006
vn -0.0032 0.9989 0.0460
vn -0.0060 0.9991 -0.0412
vn 0.7852 0.1972 0.5870
vn 0.7837 0.1377 0.6057
vn 0.7730 0.3497 0.5293
vn 0.7393 0.4594 0.4923
vn 0.7516 0.3610 0.5521
vn 0.0404 0.9924 0.1159
vn 0.0014 0.9999 0.0117
vn -0.0005 1.0000 0.0056
vn 0.0318 0.9931 0.1130
vn -0.0390 0.9981 -0.0477
vn -0.0345 0.9960 -0.0819
vn -0.0189 0.9951 -0.0969
vn 0.0003 1.0000 0.0022
vn 0.0243 0.9933 0.1131
vn 0.1563 0.0000 0.9877
vn 0.1559 0.0320 0.9873
vn 0.0861 0.0330 0.9957
vn 0.0865 0.0000 0.9963
vn 0.0028 1.0000 -0.0035
vn 0.0015 0.9959 -0.0900
vn 0.0271 0.9972 0.0701
vn 0.0160 0.9960 0.0879
vn 0.0018 1.0000 -0.0019
vn 0.0059 0.9949 -0.1009
vn 0.0548 0.9933 0.1017
vn 0.0090 0.9998 0.0198
vn 0.0600 0.9964 0.0602
vn 0.0041 1.0000 0.0003
vn 0.9950 0.0000 0.1004
vn 0.9937 0.0499 0.1002
vn 0.9770 0.0495 0.2073
vn 0.9782 0.0000 0.2077
vn -0.0226 0.9951 0.0964
vn -0.0370 0.9960 0.0809
vn -0.0006 1.0000 -0.0052
vn 0.0002 1.0000 -0.0022
vn 0.0316 0.9934 -0.1103
vn 0.0248 0.9934 -0.1119
vn -0.0552 0.9982 -0.0248
vn 0.0007 1.0000 -0.0005
vn 0.0009 1.0000 -0.0001
vn -0.0573 0.9983 -0.0128
vn 0.0570 0.9983 0.0144
vn 0.0594 0.9982 0.0074
vn 0.0604 0.9982 0.0002
vn 0.0009 1.0000 -0.0000
vn -0.0581 0.9983 -0.0009
vn 0.4679 0.8364 -0.2856
vn 0.3313 0.9221 -0.1998
vn 0.2262 0.0000 -0.9741
vn 0.2259 0.0318 -0.9736
vn 0.2912 0.0310 -0.9562
vn 0.2915 0.0000 -0.9566
vn 0.9950 0.0000 -0.1003
vn 0.9937 0.0500 -0.1002
vn 0.9987 0.0500 0.0000
vn 1.0000 0.0000 0.0000
vn 0.3737 0.0310 -0.9270
vn 0.3737 0.0000 -0.9275
vn 0.9095 0.0470 0.4131
vn 0.9098 0.0000 0.4150
vn 0.9098 0.0000 -0.4150
vn 0.9095 0.0473 -0.4131
vn 0.9770 0.0496 -0.2073
vn 0.9782 0.0000 -0.2077
vn 0.0193 0.9960 -0.0871
vn 0.0291 0.9972 -0.0692
vn 0.0028 1.0000 0.0030
vn 0.0019 1.0000 0.0017
vn 0.0295 0.9989 -0.0364
vn 0.0010 0.9962 0.0870
vn 0.0051 0.9951 0.0988
vn -0.0508 0.9980 -0.0367
vn 0.0013 1.0000 -0.0013
vn 0.0566 0.9980 0.0274
vn 0.0009 1.0000 0.0001
vn -0.0574 0.9983 0.0108
vn 0.0596 0.9982 -0.0070
vn 0.0576 0.9982 -0.0141
vn 0.0008 1.0000 0.0004
vn -0.0554 0.9982 0.0226
vn 0.0865 0.0000 -0.9962
vn 0.0447 -0.0000 -0.9990
vn 0.0445 0.0346 -0.9984
vn 0.0861 0.0338 -0.9957
vn -0.0510 0.9981 0.0346
vn 0.0015 1.0000 0.0012
vn 0.0573 0.9980 -0.0271
vn -0.0022 0.9952 0.0974
vn 0.0011 1.0000 -0.0019
vn 0.0153 0.9938 -0.1099
vn 0.0843 0.9964 -0.0062
vn 0.0484 0.9986 -0.0191
vn 0.0850 0.9964 -0.0003
vn 0.0429 0.9987 -0.0281
vn 0.3713 0.1315 -0.9192
vn 0.3645 0.0550 -0.9296
vn 0.3700 0.1956 -0.9082
vn 0.3914 0.3462 -0.8526
vn 0.3586 0.3606 -0.8610
vn 0.3796 0.4587 -0.8034
vn 0.5317 0.8460 -0.0400
vn 0.5208 0.8491 -0.0884
vn 0.3649 0.9290 -0.0622
vn 0.3748 0.9267 -0.0289
vn 0.0860 -0.9963 0.0047
vn 0.0295 -0.9989 -0.0364
vn 0.0017 -1.0000 0.0068
vn 0.0870 -0.9960 0.0183
vn 0.5413 0.8408 0.0030
vn 0.3855 0.9227 0.0003
vn 0.3625 0.0000 -0.9320
vn 0.3600 0.0000 -0.9329
vn 0.0083 0.2420 0.9702
vn 0.0070 0.6746 0.7382
vn 0.1046 0.7338 0.6713
vn 0.1007 0.2851 0.9532
vn 0.0012 1.0000 0.0018
vn 0.0144 0.9939 0.1093
vn 0.0017 0.9953 -0.0972
vn 0.0447 -0.0000 0.9990
vn 0.0444 0.0339 0.9984
vn 0.1559 0.0327 -0.9872
vn 0.1564 0.0000 -0.9877
vn 0.2914 0.0000 0.9566
vn 0.2912 0.0304 0.9562
vn 0.2258 0.0311 0.9737
vn 0.2262 0.0000 0.9741
vn -0.8300 -0.0000 0.5577
vn -0.9138 -0.0000 0.4062
vn 0.5064 0.0000 -0.8623
vn 0.5073 0.0335 -0.8611
vn 0.7232 0.0405 -0.6895
vn 0.7218 0.0000 -0.6921
vn -0.8985 -0.0644 -0.4342
vn -0.8985 0.0644 -0.4342
vn -0.9698 0.0702 -0.2334
vn -0.9698 -0.0702 -0.2334
vn -0.9971 0.0730 -0.0200
vn -0.9971 -0.0730 -0.0200
vn -0.9151 -0.0668 0.3977
vn -0.9151 0.0668 0.3977
vn -0.8103 0.0634 0.5826
vn -0.8103 -0.0634 0.5826
vn -0.6607 0.0644 0.7479
vn -0.6607 -0.0644 0.7479
vn -0.6289 -0.0644 -0.7748
vn -0.6289 0.0644 -0.7748
vn -0.7863 0.0613 -0.6148
vn -0.7863 -0.0613 -0.6148
vn -0.1852 0.0711 -0.9801
vn -0.4235 0.0696 -0.9032
vn -0.4235 -0.0696 -0.9032
vn -0.1852 -0.0711 -0.9801
vn 0.6589 -0.0612 -0.7498
vn 0.6589 0.0612 -0.7498
vn 0.4869 0.0618 -0.8713
vn 0.4869 -0.0618 -0.8713
vn 0.2860 0.0647 -0.9561
vn 0.2860 -0.0647 -0.9561
vn 0.0586 0.0685 -0.9959
vn 0.0586 -0.0685 -0.9959
vn 0.9092 -0.0675 -0.4108
vn 0.9092 0.0675 -0.4108
vn 0.8009 0.0633 -0.5954
vn 0.8009 -0.0633 -0.5954
vn 0.8918 -0.0648 0.4478
vn 0.8918 0.0648 0.4478
vn 0.9677 0.0700 0.2422
vn 0.9677 -0.0700 0.2422
vn 0.9971 0.0726 0.0209
vn 0.9971 -0.0726 0.0209
vn 0.6304 0.0612 0.7739
vn 0.7773 0.0609 0.6261
vn 0.7773 -0.0609 0.6261
vn 0.6304 -0.0612 0.7739
vn 0.2445 -0.0670 0.9673
vn 0.2445 0.0670 0.9673
vn 0.4522 0.0641 0.8896
vn 0.4522 -0.0641 0.8896
vn -0.9783 0.0714 0.1943
vn -0.9783 -0.0714 0.1943
vn 0.9769 0.0714 -0.2014
vn 0.9769 -0.0714 -0.2014
vn -0.4639 0.0675 0.8833
vn -0.4639 -0.0675 0.8833
vn -0.2314 0.0694 0.9704
vn -0.2314 -0.0694 0.9704
vn 0.0126 0.0690 0.9975
vn 0.0126 -0.0690 0.9975
vn 0.1039 0.0000 -0.9946
vn 0.1047 0.0402 -0.9937
vn 0.0507 0.0373 -0.9980
vn 0.0506 0.0000 -0.9987
vn 0.0145 0.9474 -0.3196
vn 0.0368 0.6718 -0.7398
vn 0.1213 0.6829 -0.7203
vn 0.0988 0.9360 -0.3378
vn 0.0494 0.2407 -0.9693
vn 0.1155 0.2629 -0.9579
vn 0.2601 0.6645 -0.7005
vn 0.2655 0.8771 -0.4004
vn 0.2648 0.9283 -0.2610
vn 0.0035 0.9502 0.3115
vn 0.0930 0.9623 0.2555
vn 0.2036 0.0478 -0.9779
vn 0.2239 0.2890 -0.9308
vn 0.3721 0.4220 -0.8267
vn 0.3191 0.3406 -0.8844
vn 0.3020 0.0732 -0.9505
vn 0.4052 0.6797 -0.6114
vn 0.3623 0.6509 -0.6671
vn 0.4100 0.8376 -0.3610
vn 0.3987 0.7991 -0.4499
vn 0.4420 0.7768 -0.4486
vn 0.3058 0.9486 0.0816
vn 0.3228 0.9215 0.2157
vn 0.3705 0.7466 0.5525
vn 0.5929 0.7897 0.1576
vn 0.5210 0.8334 0.1844
vn 0.5042 0.8584 0.0946
vn 0.6362 0.7012 0.3219
vn 0.5688 0.7072 0.4198
vn 0.6776 0.0853 0.7305
vn 0.6430 0.3841 0.6626
vn 0.7225 0.4436 0.5304
vn 0.4095 0.0578 0.9105
vn 0.4024 0.3393 0.8502
vn 0.0860 0.9963 0.0047
vn 0.2887 0.4163 0.8622
vn 0.1347 0.4085 0.9027
vn 0.1196 0.1514 0.9812
vn 0.2028 0.7553 0.6233
vn 0.0564 0.7792 0.6243
vn -0.3655 0.7311 0.5760
vn -0.4952 0.4425 0.7477
vn -0.5440 0.1695 0.8218
vn -0.2236 0.9741 0.0336
vn -0.1117 0.9637 0.2424
vn 0.0692 0.9605 0.2696
vn -0.6397 0.7683 -0.0225
vn -0.5657 0.8021 0.1917
vn -0.9877 0.1473 -0.0526
vn -0.9595 0.1522 0.2370
vn -0.8920 0.4090 0.1927
vn -0.9157 0.3984 -0.0534
vn -0.4143 0.1568 -0.8965
vn -0.3622 0.4136 -0.8353
vn -0.2008 0.4118 -0.8889
vn -0.8879 0.1828 -0.4222
vn -0.8049 0.4534 -0.3828
vn -0.6043 0.7371 -0.3025
vn -0.2795 0.7807 -0.5589
vn -0.1498 0.7568 -0.6363
vn -0.7600 0.3977 0.5141
vn -0.8639 0.4191 0.2795
vn -0.9468 0.1612 0.2786
vn -0.5374 0.7693 0.3455
vn -0.5836 0.8029 0.1220
vn -0.0805 0.9613 -0.2634
vn -0.2214 0.9637 -0.1489
vn -0.2087 0.9744 0.0840
vn -0.4235 0.0300 -0.9054
vn -0.4240 0.0018 -0.9056
vn -0.9020 0.0022 -0.4318
vn -0.9017 0.0361 -0.4309
vn -0.9607 0.0310 0.2758
vn -0.9615 0.0018 0.2750
vn 0.4889 0.8723 0.0031
vn 0.4823 0.8752 -0.0362
vn 0.4942 0.8686 0.0354
vn 0.2979 0.9543 0.0218
vn 0.2946 0.9556 0.0018
vn 0.2913 0.9564 -0.0219
vn 0.4160 0.8496 -0.3244
vn 0.4226 0.8561 -0.2975
vn 0.2684 0.9447 -0.1886
vn 0.2663 0.9401 -0.2128
vn 0.4984 0.8649 0.0606
vn 0.3011 0.9527 0.0412
vn 0.3814 0.5454 -0.7464
vn 0.3594 0.6201 -0.6973
vn 0.3002 0.8097 -0.5042
vn 0.3743 0.7511 -0.5439
vn 0.3632 0.8525 -0.3759
vn 0.2177 0.9350 -0.2800
vn 0.4537 0.8731 -0.1783
vn 0.4427 0.8684 -0.2235
vn 0.4645 0.8761 -0.1293
vn 0.2834 0.9558 -0.0783
vn 0.2794 0.9540 -0.1089
vn 0.2754 0.9514 -0.1380
vn 0.4743 0.8767 -0.0805
vn 0.2876 0.9565 -0.0486
vn 0.4319 0.8624 -0.2639
vn 0.2716 0.9482 -0.1648
vn 0.1109 0.0254 0.9935
vn 0.1062 0.0000 0.9943
vn -0.5509 0.0275 0.8341
vn -0.5504 -0.0006 0.8349
vn -0.9676 0.0259 0.2512
vn -0.9664 0.0002 0.2571
vn -0.9984 0.0272 -0.0495
vn -0.9989 0.0011 -0.0475
vn -0.1021 0.9415 0.3212
vn -0.0559 0.9562 0.2873
vn -0.1650 0.9355 0.3124
vn -0.3511 0.6823 0.6412
vn -0.2215 0.6880 0.6911
vn -0.1316 0.7191 0.6824
vn -0.2889 0.3487 0.8916
vn -0.1764 0.3650 0.9141
vn -0.4526 0.3474 0.8213
vn -0.2898 0.9536 -0.0815
vn -0.3039 0.9350 -0.1827
vn -0.6316 0.6833 -0.3662
vn -0.6659 0.7230 -0.1842
vn -0.8929 0.3773 -0.2458
vn -0.8102 0.3531 -0.4679
vn -0.9548 0.1418 -0.2612
vn -0.2051 0.9542 0.2178
vn -0.4749 0.7218 0.5034
vn -0.6393 0.3706 0.6738
vn 0.2315 0.9635 0.1345
vn 0.3306 0.9351 0.1277
vn 0.1816 0.9721 0.1488
vn 0.4732 0.7778 0.4138
vn 0.4918 0.8077 0.3253
vn 0.5168 0.8099 0.2773
vn 0.6761 0.5653 0.4725
vn 0.6671 0.6207 0.4120
vn 0.6602 0.4515 0.6002
vn 0.0307 0.9779 -0.2069
vn -0.0017 0.9807 -0.1955
vn 0.0785 0.9721 -0.2212
vn 0.1911 0.7778 -0.5988
vn 0.0838 0.7664 -0.6369
vn -0.0112 0.7719 -0.6356
vn 0.1119 0.3895 -0.9142
vn -0.0190 0.3813 -0.9242
vn 0.2548 0.4515 -0.8551
vn 0.1288 0.9635 -0.2347
vn 0.2532 0.8077 -0.5324
vn 0.3350 0.5655 -0.7537
vn 0.0252 0.9745 0.2228
vn 0.0400 0.9771 0.2090
vn 0.0006 0.9712 0.2381
vn 0.0029 0.7578 0.6525
vn 0.0714 0.7669 0.6378
vn 0.1161 0.7741 0.6223
vn 0.1030 0.3969 0.9121
vn 0.1679 0.3986 0.9016
vn 0.0057 0.3914 0.9202
vn -0.1537 0.9660 -0.2077
vn -0.1961 0.9562 -0.2173
vn -0.1222 0.9712 -0.2043
vn -0.3339 0.7579 -0.5604
vn -0.3971 0.7436 -0.5380
vn -0.4646 0.7192 -0.5167
vn -0.5481 0.3812 -0.7445
vn -0.6225 0.3653 -0.6921
vn -0.4696 0.3916 -0.7913
vn -0.0247 0.9806 -0.1946
vn -0.0469 0.9796 -0.1953
vn -0.0868 0.7750 -0.6259
vn -0.1535 0.7766 -0.6110
vn -0.1285 0.3883 -0.9125
vn -0.2249 0.3941 -0.8911
vn 0.1332 0.9779 0.1613
vn 0.0995 0.9807 0.1683
vn 0.3184 0.7720 0.5501
vn 0.4007 0.7664 0.5021
vn 0.5679 0.3897 0.7250
vn 0.4608 0.3814 0.8013
vn -0.0246 0.9660 0.2572
vn -0.0629 0.7435 0.6658
vn -0.0858 0.3811 0.9205
vn -0.2536 0.9413 -0.2227
vn -0.5462 0.6884 -0.4773
vn -0.7071 0.3506 -0.6141
vn -0.9027 0.3749 -0.2111
vn -0.9134 0.4041 -0.0500
vn -0.8611 0.3536 -0.3654
vn -0.6231 0.7377 -0.2600
vn -0.6519 0.7432 -0.1506
vn -0.6493 0.7598 -0.0347
vn -0.2508 0.9667 -0.0520
vn -0.2532 0.9674 -0.0098
vn -0.2232 0.9704 -0.0922
vn -0.1646 0.4198 -0.8926
vn -0.2328 0.4240 -0.8752
vn -0.1542 0.4170 -0.8957
vn -0.1084 0.7652 -0.6346
vn -0.1136 0.7766 -0.6197
vn -0.1575 0.7879 -0.5953
vn -0.0404 0.9729 -0.2276
vn -0.0535 0.9768 -0.2072
vn -0.0408 0.9677 -0.2488
vn 0.0828 0.9729 0.2160
vn 0.0610 0.9768 0.2052
vn 0.0934 0.9676 0.2348
vn 0.2337 0.7656 0.5994
vn 0.2220 0.7767 0.5895
vn 0.1720 0.7879 0.5913
vn 0.3190 0.4206 0.8494
vn 0.2518 0.4240 0.8699
vn 0.3288 0.4200 0.8459
vn -0.3466 0.4233 -0.8371
vn -0.4520 0.4153 -0.7894
vn -0.2320 0.7922 -0.5644
vn -0.3039 0.7887 -0.5345
vn -0.0763 0.9787 -0.1907
vn -0.0989 0.9789 -0.1787
vn 0.0330 0.9787 0.2027
vn 0.0074 0.9789 0.2041
vn 0.0923 0.7922 0.6032
vn 0.0153 0.7887 0.6146
vn 0.1347 0.4233 0.8959
vn 0.0197 0.4153 0.9095
vn -0.1691 0.4153 -0.8938
vn -0.1216 0.7563 -0.6429
vn -0.0513 0.9621 -0.2677
vn 0.0946 0.9617 0.2573
vn 0.2269 0.7566 0.6133
vn 0.3149 0.4211 0.8506
vn -0.0933 0.9745 -0.2039
vn -0.0735 0.9771 -0.1996
vn -0.2216 0.7742 -0.5929
vn -0.2677 0.7670 -0.5832
vn -0.3820 0.3971 -0.8345
vn -0.3213 0.3988 -0.8589
vn -0.0186 0.9791 0.2025
vn -0.0530 0.9775 0.2044
vn -0.0673 0.7822 0.6194
vn -0.1753 0.7639 0.6210
vn -0.1022 0.3993 0.9111
vn -0.2536 0.3713 0.8932
vn 0.0483 0.9784 0.2008
vn 0.0615 0.9796 0.1915
vn 0.1432 0.7761 0.6141
vn 0.1868 0.7763 0.6020
vn 0.2080 0.3970 0.8940
vn 0.2714 0.3938 0.8782
vn -0.5573 0.3993 -0.7279
vn -0.6779 0.3713 -0.6346
vn -0.3771 0.7822 -0.4960
vn -0.4703 0.7640 -0.4417
vn -0.1203 0.9791 -0.1639
vn -0.1507 0.9775 -0.1478
vn 0.0798 0.9806 0.1792
vn 0.2505 0.7751 0.5801
vn 0.3637 0.3881 0.8468
vn -0.7846 0.3508 -0.5113
vn -0.5605 0.7444 -0.3629
vn -0.1857 0.9744 -0.1264
vn -0.0625 0.9785 -0.1966
vn -0.1953 0.7764 -0.5992
vn -0.2849 0.3972 -0.8724
vn -0.0941 0.9744 0.2043
vn -0.1439 0.9703 0.1944
vn -0.2932 0.7443 0.6001
vn -0.3999 0.7375 0.5442
vn -0.4085 0.3508 0.8426
vn -0.5494 0.3536 0.7571
vn -0.8256 0.4265 0.3695
vn -0.7568 0.4041 0.5138
vn -0.8683 0.4334 0.2411
vn -0.6058 0.7777 0.1682
vn -0.5780 0.7741 0.2582
vn -0.5384 0.7598 0.3646
vn -0.2266 0.9689 0.0995
vn -0.2119 0.9674 0.1390
vn -0.2380 0.9690 0.0661
vn -0.8979 0.4265 0.1091
vn -0.6284 0.7741 0.0769
vn -0.2455 0.9689 0.0316
vn -0.6646 0.3749 0.6464
vn -0.4810 0.7430 0.4653
vn -0.1881 0.9666 0.1740
vn 0.5014 0.8546 0.1350
vn 0.5958 0.7550 0.2738
vn 0.7067 0.5510 0.4438
vn 0.1905 0.9200 0.3425
vn 0.2296 0.9432 0.2402
vn 0.1477 0.9104 0.3866
vn 0.3009 0.5859 0.7525
vn 0.4006 0.6119 0.6820
vn 0.5339 0.6695 0.5164
vn 0.4993 0.2102 0.8405
vn 0.7054 0.2501 0.6632
vn 0.3671 0.1951 0.9095
vn 0.2448 0.9623 0.1186
vn 0.2456 0.9678 0.0552
vn 0.6318 0.7184 0.2910
vn 0.6571 0.7404 0.1412
vn 0.8739 0.2857 0.3932
vn 0.9331 0.3004 0.1977
vn 0.1885 0.9224 -0.3373
vn 0.1455 0.9138 -0.3792
vn 0.2288 0.9441 -0.2374
vn 0.5324 0.6724 -0.5143
vn 0.3986 0.6174 -0.6782
vn 0.2990 0.5931 -0.7476
vn 0.4989 0.2139 -0.8398
vn 0.3668 0.1991 -0.9087
vn 0.7049 0.2529 -0.6627
vn 0.0132 0.9371 -0.3488
vn 0.0294 0.9292 -0.3685
vn 0.0652 0.6250 -0.7779
vn 0.0326 0.6392 -0.7684
vn 0.0426 0.2211 -0.9743
vn 0.0830 0.2156 -0.9730
vn 0.2505 0.9677 -0.0265
vn 0.2462 0.9677 -0.0547
vn 0.2529 0.9675 0.0003
vn 0.6699 0.7424 0.0002
vn 0.6658 0.7430 -0.0679
vn 0.6568 0.7408 -0.1407
vn 0.9481 0.3033 -0.0956
vn 0.9329 0.3012 -0.1976
vn 0.9529 0.3033 0.0000
vn 0.2503 0.9678 0.0270
vn 0.6660 0.7428 0.0683
vn 0.9482 0.3029 0.0957
vn 0.2452 0.9623 -0.1176
vn 0.6309 0.7196 -0.2900
vn 0.8735 0.2873 -0.3930
vn 0.0426 0.2170 0.9752
vn 0.0831 0.2114 0.9739
vn 0.0651 0.6207 0.7814
vn 0.0324 0.6359 0.7711
vn 0.0127 0.9376 0.3474
vn 0.0287 0.9290 0.3689
vn 0.0584 0.3216 -0.9451
vn -0.1741 0.3324 -0.9269
vn 0.2754 0.3060 -0.9113
vn 0.2060 0.6975 -0.6863
vn 0.0433 0.7088 -0.7041
vn -0.1272 0.7191 -0.6832
vn 0.0162 0.9435 -0.3311
vn -0.0601 0.9449 -0.3217
vn 0.0880 0.9444 -0.3168
vn 0.4340 0.3036 0.8482
vn 0.6058 0.2921 0.7401
vn 0.2340 0.3157 0.9196
vn 0.1723 0.7071 0.6858
vn 0.3208 0.7040 0.6336
vn 0.4502 0.7015 0.5525
vn 0.1315 0.9513 0.2787
vn 0.1811 0.9573 0.2254
vn 0.0729 0.9462 0.3154
vn -0.4430 0.3184 0.8381
vn -0.2198 0.3257 0.9196
vn -0.6325 0.3057 0.7116
vn -0.4664 0.7093 0.5286
vn -0.3262 0.7117 0.6222
vn -0.1628 0.7126 0.6825
vn -0.1433 0.9474 0.2861
vn -0.0762 0.9435 0.3224
vn -0.1948 0.9544 0.2262
vn -0.2336 0.9559 -0.1781
vn -0.1878 0.9539 -0.2342
vn -0.2530 0.9597 -0.1219
vn -0.6248 0.7169 -0.3093
vn -0.5605 0.7016 -0.4401
vn -0.4466 0.7091 -0.5457
vn -0.7532 0.2931 -0.5888
vn -0.6045 0.3055 -0.7357
vn -0.8549 0.3058 -0.4190
vn -0.2585 0.9640 -0.0620
vn -0.2600 0.9656 -0.0048
vn -0.6609 0.7504 -0.0132
vn -0.6529 0.7400 -0.1614
vn -0.9170 0.3295 -0.2249
vn -0.9397 0.3414 -0.0191
vn -0.2582 0.9647 0.0516
vn -0.2522 0.9615 0.1093
vn -0.6280 0.7265 0.2789
vn -0.6540 0.7446 0.1334
vn -0.9237 0.3347 0.1867
vn -0.8684 0.3156 0.3823
vn -0.2342 0.9580 0.1654
vn -0.5695 0.7110 0.4124
vn -0.7735 0.3019 0.5573
vn 0.0145 -0.9474 -0.3196
vn 0.0030 -0.9968 -0.0805
vn 0.0866 -0.9869 -0.1360
vn 0.0988 -0.9360 -0.3378
vn 0.4674 0.2944 -0.8336
vn 0.6309 0.2924 -0.7187
vn 0.4679 0.7021 -0.5368
vn 0.3491 0.6945 -0.6291
vn 0.1441 0.9497 -0.2780
vn 0.1872 0.9578 -0.2180
vn 0.7637 0.3013 -0.5710
vn 0.8623 0.3187 -0.3936
vn 0.6232 0.7285 -0.2844
vn 0.5611 0.7137 -0.4194
vn 0.2276 0.9602 -0.1621
vn 0.2529 0.9612 -0.1102
vn 0.9223 0.3350 -0.1925
vn 0.9403 0.3397 0.0201
vn 0.6670 0.7449 0.0140
vn 0.6568 0.7415 -0.1371
vn 0.2663 0.9624 -0.0532
vn 0.2710 0.9626 0.0052
vn 0.9153 0.3289 0.2326
vn 0.8483 0.3073 0.4312
vn 0.6207 0.7175 0.3162
vn 0.6560 0.7361 0.1667
vn 0.2669 0.9616 0.0645
vn 0.2542 0.9592 0.1235
vn 0.7442 0.2913 0.6011
vn 0.5533 0.7030 0.4469
vn 0.2275 0.9580 0.1748
vn -0.4044 0.3268 -0.8542
vn -0.2952 0.7200 -0.6280
vn -0.1296 0.9489 -0.2877
vn 0.0127 0.3237 0.9461
vn 0.0083 0.7108 0.7034
vn 0.0006 0.9437 0.3308
vn 0.1137 0.9158 -0.3852
vn 0.0877 0.9176 -0.3876
vn 0.2321 0.5951 -0.7694
vn 0.1784 0.6017 -0.7785
vn 0.2849 0.1993 -0.9376
vn 0.2203 0.2037 -0.9539
vn 0.0578 0.9206 0.3862
vn 0.0880 0.9156 0.3924
vn 0.1216 0.6059 0.7862
vn 0.1791 0.5956 0.7831
vn 0.1515 0.2053 0.9669
vn 0.2204 0.1998 0.9547
vn 0.0582 0.9216 -0.3837
vn 0.1213 0.6111 -0.7822
vn 0.1514 0.2093 -0.9661
vn 0.1150 0.9128 0.3920
vn 0.2334 0.5881 0.7744
vn 0.2851 0.1953 0.9384
vn 0.4164 0.0000 0.9092
vn 0.6828 0.0000 0.7306
vn 0.7817 0.0000 0.6236
vn 0.3027 0.0000 -0.9531
vn 0.2052 0.0000 -0.9787
vn -0.9615 -0.0000 0.2749
vn -0.9019 -0.0000 -0.4319
vn -0.4240 0.0000 -0.9057
vn -0.2243 0.0000 -0.9745
vn 0.1047 0.0000 0.9945
vn -0.5502 -0.0000 0.8350
vn -0.9659 -0.0000 0.2589
vn -0.9989 0.0000 -0.0469
vn -0.9640 0.0014 -0.2659
vn -0.9638 0.0272 -0.2653
vn -0.4832 -0.0000 0.8755
vn -0.3097 0.0000 0.9508
vn 0.3515 0.0000 0.9362
vn 0.2778 0.0000 0.9606
vn 0.3627 0.0000 0.9319
vn -0.1816 -0.0000 -0.9834
vn -0.2573 -0.0000 -0.9663
vn -0.9217 0.0000 -0.3879
vn -0.1072 -0.0000 0.9942
vn -0.2677 -0.0000 0.9635
vn 0.0229 -0.0000 0.9997
vn 0.1491 -0.0000 0.9888
vn -0.8369 0.0000 -0.5474
vn -0.9640 -0.0000 -0.2659
vn -0.8655 -0.0000 -0.5010
vn -0.4348 0.0000 0.9005
vn -0.5897 0.0000 0.8076
vn -0.7200 0.0000 0.6940
vn -0.0396 -0.9981 0.0463
vn 0.0012 -0.9999 -0.0110
vn 0.0089 -0.9998 -0.0189
vn 0.0044 -1.0000 -0.0005
vn 0.0602 -0.9964 -0.0595
vn 0.0542 -0.9936 -0.0993
vn 0.0397 -0.9929 -0.1124
vn 0.2650 -0.0192 -0.9641
vn 0.1141 -0.0048 -0.9935
vn -0.2440 -0.0015 -0.9698
vn -0.2440 -0.0289 -0.9694
vn -0.3097 -0.0291 -0.9504
vn -0.3098 -0.0015 -0.9508
vn -0.3498 -0.0293 -0.9364
vn -0.3500 -0.0016 -0.9368
vn -0.3065 -0.1505 -0.9399
vn -0.3460 -0.1513 -0.9260
vn -0.2416 -0.1493 -0.9588
vn 0.2219 -0.9742 0.0417
vn 0.0772 -0.9966 0.0280
vn 0.0415 -0.9991 0.0038
vn 0.1776 -0.9840 0.0133
vn 0.0337 -0.9994 -0.0010
vn 0.1573 -0.9875 0.0040
vn 0.0071 -1.0000 0.0039
vn 0.0033 -1.0000 0.0001
vn 0.0310 -0.9992 0.0246
vn 0.2778 -0.0017 0.9606
vn 0.2777 -0.0314 0.9601
vn 0.1489 -0.0312 0.9884
vn 0.1491 -0.0017 0.9888
vn 0.0226 -0.0306 0.9993
vn 0.0229 -0.0016 0.9997
vn 0.1467 -0.1618 0.9759
vn 0.0217 -0.1583 0.9872
vn 0.2742 -0.1623 0.9479
vn 0.3111 -0.0010 0.9504
vn 0.3123 -0.0286 0.9495
vn 0.3468 -0.0312 0.9374
vn 0.3468 -0.0015 0.9379
vn 0.3625 -0.0314 0.9315
vn 0.3627 -0.0017 0.9319
vn 0.3425 -0.1623 0.9254
vn 0.3577 -0.1619 0.9197
vn 0.3112 -0.1559 0.9375
vn 0.0822 -0.9951 -0.0544
vn 0.0291 -0.9989 0.0376
vn 0.0428 -0.9986 0.0299
vn 0.0821 -0.9955 -0.0471
vn 0.0826 -0.9961 -0.0311
vn 0.0521 -0.9986 0.0112
vn 0.0536 -0.9986 0.0008
vn 0.0829 -0.9963 -0.0221
vn 0.0025 -1.0000 -0.0011
vn -0.0072 -1.0000 0.0041
vn -0.0061 -1.0000 0.0046
vn -0.0037 -1.0000 0.0030
vn 0.0028 -1.0000 -0.0017
vn -0.0366 -0.9989 0.0308
vn -0.0201 -0.9994 0.0264
vn -0.0427 -0.9987 0.0266
vn 0.7250 -0.0193 0.6885
vn 0.7912 -0.0561 0.6089
vn 0.0027 -1.0000 -0.0004
vn -0.0083 -1.0000 0.0002
vn -0.0083 -1.0000 0.0013
vn 0.0026 -1.0000 -0.0005
vn -0.0082 -1.0000 0.0023
vn 0.0026 -1.0000 -0.0007
vn -0.0501 -0.9987 0.0070
vn -0.0491 -0.9987 0.0136
vn -0.0503 -0.9987 -0.0007
vn 0.5727 -0.8144 0.0931
vn 0.4482 -0.8913 0.0689
vn 0.4185 -0.9072 0.0419
vn 0.5602 -0.8259 0.0639
vn 0.3991 -0.9166 0.0234
vn 0.5504 -0.8340 0.0380
vn -0.5110 -0.0015 -0.8596
vn -0.5940 -0.0015 -0.8045
vn 0.0054 -0.0015 1.0000
vn 0.1120 -0.0015 0.9937
vn 0.4985 -0.0017 0.8669
vn 0.6106 -0.0048 0.7919
vn -0.0206 -0.0017 -0.9998
vn -0.0204 -0.0286 -0.9994
vn -0.1384 -0.0284 -0.9900
vn -0.1382 -0.0015 -0.9904
vn -0.1374 -0.1468 -0.9796
vn -0.0204 -0.1446 -0.9893
vn -0.1698 -0.0016 -0.9855
vn -0.1866 -0.0016 -0.9824
vn -0.6700 -0.0014 -0.7423
vn -0.7556 -0.0013 -0.6550
vn -0.1913 -0.0014 0.9815
vn -0.0941 -0.0015 0.9956
vn -0.4832 -0.0013 0.8755
vn -0.4834 -0.0244 0.8751
vn -0.3094 -0.0247 0.9506
vn -0.3097 -0.0013 0.9508
vn -0.1909 -0.0263 0.9812
vn -0.3065 -0.1287 0.9431
vn -0.1884 -0.1362 0.9726
vn -0.4802 -0.1270 0.8679
vn -0.2677 -0.0014 0.9635
vn -0.2683 -0.0266 0.9630
vn -0.4349 -0.0248 0.9001
vn -0.4348 -0.0013 0.9005
vn -0.5892 -0.0250 0.8076
vn -0.5897 -0.0013 0.8076
vn -0.4320 -0.1294 0.8925
vn -0.5836 -0.1306 0.8015
vn -0.2679 -0.1385 0.9534
vn -0.0067 -0.9995 0.0309
vn -0.0016 -0.9995 0.0315
vn -0.0006 -1.0000 -0.0001
vn -0.0007 -1.0000 -0.0001
vn -0.0081 -0.9995 -0.0305
vn -0.0051 -0.9996 -0.0294
vn -0.0005 -1.0000 -0.0001
vn -0.0104 -0.9994 -0.0317
vn 0.0023 -0.9995 0.0326
vn -0.0129 -0.9995 0.0302
vn -0.0015 -1.0000 0.0000
vn -0.0022 -1.0000 -0.0008
vn -0.0021 -0.9996 -0.0279
vn 0.0000 -0.9996 -0.0273
vn 0.0019 -1.0000 -0.0076
vn 0.0832 -0.9937 -0.0745
vn 0.0969 -0.0444 0.9943
vn 0.0092 -0.0380 0.9992
vn 0.1328 -0.9875 -0.0846
vn 0.0293 -0.9994 -0.0165
vn 0.0336 -0.9991 -0.0246
vn 0.1453 -0.9840 -0.1030
vn 0.0517 -0.9966 -0.0638
vn 0.1687 -0.9741 -0.1503
vn 0.0041 -1.0000 -0.0070
vn 0.0138 -0.9992 -0.0371
vn 0.0522 -0.9986 -0.0095
vn 0.0836 -0.9964 -0.0136
vn 0.0003 -0.9972 0.0744
vn 0.0883 -0.9938 0.0681
vn -0.8319 -0.0015 0.5549
vn -0.6890 -0.0014 0.7248
vn -0.4959 -0.0016 -0.8684
vn -0.4959 -0.0306 -0.8678
vn -0.3820 -0.0312 -0.9236
vn -0.3821 -0.0017 -0.9241
vn -0.2571 -0.0314 -0.9659
vn -0.2573 -0.0017 -0.9663
vn -0.3775 -0.1618 -0.9118
vn -0.2538 -0.1622 -0.9536
vn -0.4904 -0.1583 -0.8570
vn -0.4164 -0.0015 -0.9092
vn 0.1835 -0.0016 0.9830
vn 0.2272 -0.0015 0.9738
vn 0.2960 -0.0015 0.9552
vn 0.3957 -0.0015 0.9184
vn -0.7193 -0.0269 0.6941
vn -0.7200 -0.0014 0.6940
vn -0.8293 -0.0295 0.5580
vn -0.8300 -0.0016 0.5578
vn -0.7113 -0.1400 0.6888
vn -0.8188 -0.1530 0.5533
vn -0.7262 -0.0014 -0.6875
vn -0.6046 -0.0015 -0.7965
vn -0.9635 -0.0017 0.2676
vn -0.9924 -0.0017 0.1231
vn 0.5080 -0.8497 -0.1414
vn 0.3550 -0.9296 -0.0987
vn 0.3452 -0.9288 -0.1352
vn 0.4940 -0.8475 -0.1943
vn 0.3368 -0.9263 -0.1690
vn 0.4804 -0.8429 -0.2425
vn 0.1294 -0.9903 -0.0499
vn 0.1276 -0.9899 -0.0623
vn 0.1326 -0.9905 -0.0368
vn 0.0141 -0.9996 0.0234
vn 0.0126 -0.9996 0.0250
vn -0.0013 -1.0000 0.0007
vn -0.0014 -1.0000 0.0019
vn -0.0265 -0.9995 -0.0192
vn -0.0308 -0.9995 -0.0122
vn -0.0006 -1.0000 0.0005
vn -0.0216 -0.9995 -0.0230
vn 0.0109 -0.9996 0.0278
vn 0.0064 -0.9994 0.0332
vn -0.0006 -1.0000 -0.0003
vn -0.0142 -0.9993 -0.0334
vn -0.0007 -1.0000 -0.0003
vn -0.0198 -0.9992 -0.0349
vn 0.0114 -0.9993 0.0347
vn -0.9988 -0.0016 -0.0499
vn -0.9747 -0.0014 -0.2234
vn 0.0089 -0.9995 0.0303
vn -0.0004 -1.0000 0.0004
vn -0.0176 -0.9995 -0.0261
vn -0.0004 -1.0000 0.0003
vn -0.0148 -0.9995 -0.0291
vn 0.0074 -0.9994 0.0326
vn -0.0048 -1.0000 -0.0006
vn -0.0076 -1.0000 -0.0008
vn -0.0472 -0.9989 -0.0075
vn 0.5072 -0.0328 0.8612
vn 0.7231 -0.0400 0.6896
vn -0.6696 -0.0263 -0.7423
vn -0.7553 -0.0251 -0.6549
vn -0.8654 -0.0254 -0.5004
vn -0.8655 -0.0014 -0.5010
vn -0.7489 -0.1302 -0.6497
vn -0.8587 -0.1316 -0.4953
vn -0.6629 -0.1365 -0.7361
vn -0.9630 -0.0322 0.2674
vn -0.9919 -0.0315 0.1227
vn -0.9983 -0.0295 -0.0505
vn -0.9792 -0.1633 0.1201
vn -0.9869 -0.1530 -0.0519
vn -0.9501 -0.1666 0.2638
vn 0.4984 -0.0286 0.8665
vn 0.6123 -0.0403 0.7896
vn 0.7277 -0.0923 0.6797
vn 0.6065 -0.1611 0.7786
vn 0.7135 -0.2382 0.6589
vn 0.4932 -0.1446 0.8578
vn -0.0011 -1.0000 -0.0033
vn 0.0035 -0.9996 -0.0296
vn -0.0095 -0.9983 0.0568
vn -0.0239 -0.9968 0.0759
vn -0.0078 -1.0000 0.0032
vn -0.0016 -1.0000 0.0010
vn -0.0136 -0.9983 -0.0566
vn -0.0066 -0.9988 -0.0488
vn -0.0462 -0.9982 0.0376
vn -0.0459 -0.9980 -0.0437
vn -0.0417 -0.9955 0.0854
vn 0.0161 -0.9991 0.0385
vn -0.0008 -1.0000 -0.0002
vn -0.0265 -0.9989 -0.0378
vn -0.0019 -1.0000 -0.0000
vn -0.0374 -0.9983 -0.0438
vn 0.0195 -0.9988 0.0453
vn 0.2717 -0.0921 -0.9580
vn 0.1166 -0.0403 -0.9924
vn 0.1173 -0.1609 -0.9800
vn 0.2702 -0.2380 -0.9329
vn -0.4161 -0.0292 -0.9088
vn -0.5106 -0.0287 -0.8593
vn -0.4114 -0.1507 -0.8989
vn -0.5047 -0.1482 -0.8504
vn -0.1815 -0.0311 -0.9829
vn -0.1816 -0.0016 -0.9834
vn -0.1697 -0.0308 -0.9850
vn -0.1791 -0.1606 -0.9706
vn -0.1676 -0.1593 -0.9729
vn 0.0183 -0.9996 0.0235
vn 0.0008 -1.0000 0.0034
vn 0.0280 -0.9995 -0.0129
vn 0.0281 -0.9995 -0.0146
vn 0.1278 -0.9891 -0.0735
vn -0.0938 -0.0277 0.9952
vn 0.0056 -0.0287 0.9996
vn -0.0922 -0.1434 0.9854
vn 0.0061 -0.1481 0.9889
vn 0.2958 -0.0289 0.9548
vn 0.3954 -0.0284 0.9181
vn 0.3908 -0.1467 0.9087
vn 0.2924 -0.1492 0.9446
vn 0.0051 -0.9993 0.0359
vn -0.0003 -1.0000 0.0005
vn -0.0116 -0.9994 -0.0317
vn -0.0004 -1.0000 0.0006
vn -0.0081 -0.9993 -0.0356
vn 0.0011 -0.9992 0.0401
vn -0.9743 -0.0269 -0.2238
vn -0.9213 -0.0250 -0.3881
vn -0.9217 -0.0013 -0.3879
vn -0.9646 -0.1400 -0.2234
vn -0.9133 -0.1306 -0.3858
vn 0.1834 -0.0292 0.9826
vn 0.2271 -0.0291 0.9734
vn 0.2244 -0.1505 0.9628
vn 0.1813 -0.1512 0.9717
vn 0.1414 -0.9899 -0.0124
vn 0.0306 -0.9995 -0.0034
vn 0.0297 -0.9995 -0.0056
vn 0.1366 -0.9903 -0.0240
vn 0.0289 -0.9996 -0.0080
vn -0.7264 -0.0266 -0.6867
vn -0.6048 -0.0291 -0.7959
vn -0.5995 -0.1509 -0.7860
vn -0.7212 -0.1385 -0.6788
vn -0.8368 -0.0248 -0.5470
vn -0.8369 -0.0013 -0.5474
vn -0.8304 -0.1294 -0.5419
vn 0.0316 -0.9995 -0.0020
vn 0.1474 -0.9891 -0.0029
vn 0.0283 -0.9995 -0.0105
vn 0.0025 -1.0000 -0.0009
vn 0.3737 -0.0304 0.9270
vn -0.9132 -0.0315 0.4063
vn -0.9138 -0.0017 0.4062
vn -0.9010 -0.1633 0.4020
vn 0.3513 -0.0312 0.9357
vn 0.3515 -0.0017 0.9362
vn 0.3469 -0.1613 0.9239
vn 0.0177 -0.9983 0.0556
vn -0.0597 -0.9968 -0.0527
vn -0.0592 -0.9982 -0.0086
vn -0.0800 -0.9955 -0.0517
vn -0.0165 -0.9980 0.0609
vn 0.0484 -0.9986 0.0210
vn 0.0824 -0.9958 -0.0398
vn -0.5936 -0.0277 -0.8043
vn -0.5871 -0.1434 -0.7967
vn 0.4587 -0.8284 -0.3214
vn 0.3313 -0.9158 -0.2269
vn 0.3387 -0.9062 -0.2531
vn 0.4547 -0.8191 -0.3498
vn 0.3506 -0.8899 -0.2918
vn 0.4525 -0.8055 -0.3825
vn 0.1121 -0.0292 0.9933
vn 0.1111 -0.1506 0.9823
vn -0.8315 -0.0277 0.5548
vn -0.6894 -0.0260 0.7239
vn -0.6844 -0.1362 0.7163
vn -0.8220 -0.1458 0.5505
vn -0.1865 -0.0303 -0.9820
vn -0.2238 -0.0289 -0.9742
vn -0.2243 -0.0016 -0.9745
vn -0.1840 -0.1572 -0.9703
vn -0.2199 -0.1516 -0.9637
vn -0.0465 -0.9987 0.0199
vn -0.1078 -0.0291 0.9937
vn -0.1073 -0.0015 0.9942
vn -0.1083 -0.1509 0.9826
vn -0.0032 -0.9989 0.0460
vn -0.0006 -1.0000 0.0006
vn -0.0060 -0.9991 -0.0412
vn 0.7852 -0.1972 0.5870
vn 0.7730 -0.3497 0.5293
vn 0.7837 -0.1377 0.6057
vn 0.7516 -0.3610 0.5521
vn 0.7393 -0.4594 0.4923
vn 0.0404 -0.9924 0.1159
vn 0.0318 -0.9931 0.1130
vn -0.0005 -1.0000 0.0056
vn 0.0014 -0.9999 0.0117
vn -0.0345 -0.9960 -0.0819
vn -0.0390 -0.9981 -0.0477
vn 0.0003 -1.0000 0.0022
vn -0.0189 -0.9951 -0.0969
vn 0.0243 -0.9933 0.1131
vn 0.0861 -0.0330 0.9957
vn 0.1559 -0.0320 0.9873
vn 0.0015 -0.9959 -0.0900
vn 0.0028 -1.0000 -0.0035
vn 0.0271 -0.9972 0.0701
vn 0.0018 -1.0000 -0.0019
vn 0.0160 -0.9960 0.0879
vn 0.0059 -0.9949 -0.1009
vn 0.0090 -0.9998 0.0198
vn 0.0548 -0.9933 0.1017
vn 0.0600 -0.9964 0.0602
vn 0.0041 -1.0000 0.0003
vn 0.9770 -0.0495 0.2073
vn 0.9937 -0.0499 0.1002
vn -0.0226 -0.9951 0.0964
vn 0.0002 -1.0000 -0.0022
vn -0.0006 -1.0000 -0.0052
vn -0.0370 -0.9960 0.0809
vn 0.0316 -0.9934 -0.1103
vn 0.0248 -0.9934 -0.1119
vn -0.0552 -0.9982 -0.0248
vn -0.0573 -0.9983 -0.0128
vn 0.0009 -1.0000 -0.0001
vn 0.0007 -1.0000 -0.0005
vn 0.0594 -0.9982 0.0074
vn 0.0570 -0.9983 0.0144
vn 0.0009 -1.0000 -0.0000
vn 0.0604 -0.9982 0.0002
vn -0.0581 -0.9983 -0.0009
vn 0.3313 -0.9221 -0.1998
vn 0.4679 -0.8364 -0.2856
vn 0.2912 -0.0310 -0.9562
vn 0.2259 -0.0318 -0.9736
vn 0.9987 -0.0500 0.0000
vn 0.9937 -0.0500 -0.1002
vn 0.3737 -0.0310 -0.9270
vn 0.9095 -0.0470 0.4131
vn 0.9770 -0.0496 -0.2073
vn 0.9095 -0.0473 -0.4131
vn 0.0193 -0.9960 -0.0871
vn 0.0019 -1.0000 0.0017
vn 0.0028 -1.0000 0.0030
vn 0.0291 -0.9972 -0.0692
vn 0.0010 -0.9962 0.0870
vn 0.0051 -0.9951 0.0988
vn 0.0013 -1.0000 -0.0013
vn -0.0508 -0.9980 -0.0367
vn 0.0566 -0.9980 0.0274
vn -0.0574 -0.9983 0.0108
vn 0.0009 -1.0000 0.0001
vn 0.0596 -0.9982 -0.0070
vn 0.0008 -1.0000 0.0004
vn 0.0576 -0.9982 -0.0141
vn -0.0554 -0.9982 0.0226
vn 0.0861 -0.0338 -0.9957
vn 0.0445 -0.0346 -0.9984
vn 0.0015 -1.0000 0.0012
vn -0.0510 -0.9981 0.0346
vn 0.0573 -0.9980 -0.0271
vn 0.0011 -1.0000 -0.0019
vn -0.0022 -0.9952 0.0974
vn 0.0153 -0.9938 -0.1099
vn 0.0484 -0.9986 -0.0191
vn 0.0843 -0.9964 -0.0062
vn 0.0429 -0.9987 -0.0281
vn 0.0850 -0.9964 -0.0003
vn 0.3713 -0.1315 -0.9192
vn 0.3914 -0.3462 -0.8526
vn 0.3700 -0.1956 -0.9082
vn 0.3645 -0.0550 -0.9296
vn 0.3586 -0.3606 -0.8610
vn 0.3796 -0.4587 -0.8034
vn 0.5317 -0.8460 -0.0400
vn 0.3748 -0.9267 -0.0289
vn 0.3649 -0.9290 -0.0622
vn 0.5208 -0.8491 -0.0884
vn 0.3855 -0.9227 0.0003
vn 0.5413 -0.8408 0.0030
vn 0.0070 -0.6746 0.7382
vn 0.0083 -0.2420 0.9702
vn 0.1007 -0.2851 0.9532
vn 0.1046 -0.7338 0.6713
vn 0.0145 -0.9939 0.1093
vn 0.0012 -1.0000 0.0018
vn 0.0017 -0.9953 -0.0972
vn 0.0444 -0.0339 0.9984
vn 0.1559 -0.0327 -0.9872
vn 0.2258 -0.0311 0.9737
vn 0.2912 -0.0304 0.9562
vn 0.7232 -0.0405 -0.6895
vn 0.5073 -0.0335 -0.8611
vn 0.0507 -0.0373 -0.9980
vn 0.1047 -0.0402 -0.9937
vn 0.0368 -0.6718 -0.7398
vn 0.1213 -0.6829 -0.7203
vn 0.0494 -0.2407 -0.9693
vn 0.1155 -0.2629 -0.9579
vn 0.2655 -0.8771 -0.4004
vn 0.2601 -0.6645 -0.7005
vn 0.2648 -0.9283 -0.2610
vn 0.0035 -0.9502 0.3115
vn 0.0930 -0.9623 0.2555
vn 0.2239 -0.2890 -0.9308
vn 0.2036 -0.0478 -0.9779
vn 0.3020 -0.0732 -0.9505
vn 0.3191 -0.3406 -0.8844
vn 0.3721 -0.4220 -0.8267
vn 0.3623 -0.6509 -0.6671
vn 0.4052 -0.6797 -0.6114
vn 0.4420 -0.7768 -0.4486
vn 0.3987 -0.7991 -0.4499
vn 0.4100 -0.8376 -0.3610
vn 0.3228 -0.9215 0.2157
vn 0.3058 -0.9486 0.0816
vn 0.3705 -0.7466 0.5525
vn 0.5042 -0.8584 0.0946
vn 0.5210 -0.8334 0.1844
vn 0.5929 -0.7897 0.1576
vn 0.5688 -0.7072 0.4198
vn 0.6362 -0.7012 0.3219
vn 0.7225 -0.4436 0.5304
vn 0.6430 -0.3841 0.6626
vn 0.6776 -0.0853 0.7305
vn 0.4024 -0.3393 0.8502
vn 0.4095 -0.0578 0.9105
vn 0.1196 -0.1514 0.9812
vn 0.1347 -0.4085 0.9027
vn 0.2887 -0.4163 0.8622
vn 0.0564 -0.7792 0.6243
vn 0.2028 -0.7553 0.6233
vn -0.4952 -0.4425 0.7477
vn -0.3655 -0.7311 0.5760
vn -0.5440 -0.1695 0.8218
vn 0.0692 -0.9605 0.2696
vn -0.1117 -0.9637 0.2424
vn -0.2236 -0.9741 0.0336
vn -0.5657 -0.8021 0.1917
vn -0.6397 -0.7683 -0.0225
vn -0.9877 -0.1472 -0.0526
vn -0.9157 -0.3984 -0.0534
vn -0.8920 -0.4090 0.1927
vn -0.9595 -0.1522 0.2370
vn -0.2008 -0.4118 -0.8889
vn -0.3622 -0.4136 -0.8353
vn -0.4143 -0.1568 -0.8965
vn -0.8049 -0.4534 -0.3828
vn -0.8879 -0.1828 -0.4222
vn -0.2795 -0.7807 -0.5589
vn -0.6043 -0.7371 -0.3025
vn -0.1498 -0.7568 -0.6363
vn -0.9468 -0.1612 0.2786
vn -0.8639 -0.4191 0.2795
vn -0.7600 -0.3977 0.5141
vn -0.5836 -0.8029 0.1220
vn -0.5374 -0.7693 0.3455
vn -0.2087 -0.9744 0.0840
vn -0.2214 -0.9637 -0.1489
vn -0.0805 -0.9613 -0.2634
vn -0.4235 -0.0300 -0.9054
vn -0.4240 -0.0018 -0.9056
vn -0.9017 -0.0361 -0.4309
vn -0.9020 -0.0022 -0.4318
vn -0.9607 -0.0310 0.2758
vn -0.9615 -0.0018 0.2750
vn 0.4823 -0.8752 -0.0362
vn 0.4889 -0.8723 0.0031
vn 0.4942 -0.8686 0.0354
vn 0.2946 -0.9556 0.0018
vn 0.2979 -0.9543 0.0218
vn 0.2913 -0.9564 -0.0219
vn 0.4160 -0.8496 -0.3244
vn 0.4226 -0.8561 -0.2975
vn 0.2663 -0.9401 -0.2128
vn 0.2684 -0.9447 -0.1886
vn 0.4983 -0.8649 0.0606
vn 0.3011 -0.9527 0.0412
vn 0.3814 -0.5454 -0.7464
vn 0.3594 -0.6201 -0.6973
vn 0.3743 -0.7511 -0.5439
vn 0.3002 -0.8097 -0.5042
vn 0.3632 -0.8525 -0.3759
vn 0.2177 -0.9350 -0.2800
vn 0.4427 -0.8684 -0.2235
vn 0.4537 -0.8731 -0.1783
vn 0.4645 -0.8761 -0.1293
vn 0.2794 -0.9540 -0.1089
vn 0.2834 -0.9558 -0.0783
vn 0.2754 -0.9514 -0.1380
vn 0.4743 -0.8767 -0.0805
vn 0.2876 -0.9565 -0.0486
vn 0.4319 -0.8624 -0.2639
vn 0.2716 -0.9482 -0.1648
vn 0.1109 -0.0254 0.9935
vn -0.5509 -0.0275 0.8341
vn -0.5504 0.0006 0.8349
vn -0.9664 -0.0002 0.2571
vn -0.9676 -0.0259 0.2512
vn -0.9984 -0.0272 -0.0495
vn -0.9989 -0.0011 -0.0475
vn -0.0559 -0.9562 0.2873
vn -0.1021 -0.9415 0.3212
vn -0.1650 -0.9355 0.3124
vn -0.2215 -0.6880 0.6911
vn -0.3511 -0.6823 0.6412
vn -0.1316 -0.7191 0.6824
vn -0.1764 -0.3650 0.9141
vn -0.2889 -0.3487 0.8916
vn -0.4526 -0.3474 0.8213
vn -0.2898 -0.9536 -0.0815
vn -0.3039 -0.9350 -0.1827
vn -0.6659 -0.7230 -0.1842
vn -0.6316 -0.6833 -0.3662
vn -0.8929 -0.3773 -0.2458
vn -0.8102 -0.3531 -0.4679
vn -0.9548 -0.1418 -0.2612
vn -0.2051 -0.9542 0.2178
vn -0.4749 -0.7218 0.5034
vn -0.6393 -0.3706 0.6738
vn 0.3306 -0.9351 0.1277
vn 0.2315 -0.9635 0.1345
vn 0.1816 -0.9721 0.1488
vn 0.4918 -0.8077 0.3253
vn 0.4732 -0.7778 0.4138
vn 0.5168 -0.8099 0.2773
vn 0.6671 -0.6207 0.4120
vn 0.6761 -0.5653 0.4725
vn 0.6602 -0.4515 0.6002
vn -0.0017 -0.9807 -0.1955
vn 0.0307 -0.9779 -0.2069
vn 0.0785 -0.9721 -0.2212
vn 0.0838 -0.7664 -0.6369
vn 0.1911 -0.7778 -0.5988
vn -0.0112 -0.7719 -0.6356
vn -0.0190 -0.3813 -0.9242
vn 0.1119 -0.3895 -0.9142
vn 0.2548 -0.4515 -0.8551
vn 0.1288 -0.9635 -0.2347
vn 0.2532 -0.8077 -0.5324
vn 0.3350 -0.5655 -0.7537
vn 0.0400 -0.9771 0.2090
vn 0.0252 -0.9745 0.2228
vn 0.0006 -0.9712 0.2381
vn 0.0714 -0.7669 0.6378
vn 0.0029 -0.7578 0.6525
vn 0.1161 -0.7741 0.6223
vn 0.1679 -0.3986 0.9016
vn 0.1030 -0.3969 0.9121
vn 0.0057 -0.3914 0.9202
vn -0.1961 -0.9562 -0.2173
vn -0.1537 -0.9660 -0.2077
vn -0.1222 -0.9713 -0.2043
vn -0.3971 -0.7436 -0.5380
vn -0.3339 -0.7579 -0.5604
vn -0.4646 -0.7192 -0.5167
vn -0.6225 -0.3653 -0.6921
vn -0.5481 -0.3812 -0.7445
vn -0.4696 -0.3916 -0.7913
vn -0.0469 -0.9796 -0.1953
vn -0.0247 -0.9806 -0.1946
vn -0.0868 -0.7750 -0.6259
vn -0.1535 -0.7766 -0.6110
vn -0.2249 -0.3941 -0.8911
vn -0.1285 -0.3883 -0.9125
vn 0.1332 -0.9779 0.1613
vn 0.0995 -0.9807 0.1683
vn 0.4007 -0.7664 0.5021
vn 0.3184 -0.7720 0.5501
vn 0.5679 -0.3897 0.7250
vn 0.4608 -0.3814 0.8013
vn -0.0246 -0.9660 0.2572
vn -0.0628 -0.7435 0.6658
vn -0.0858 -0.3811 0.9205
vn -0.2536 -0.9413 -0.2227
vn -0.5462 -0.6884 -0.4773
vn -0.7071 -0.3506 -0.6141
vn -0.9134 -0.4041 -0.0500
vn -0.9027 -0.3749 -0.2111
vn -0.8611 -0.3536 -0.3654
vn -0.6519 -0.7432 -0.1506
vn -0.6231 -0.7377 -0.2600
vn -0.6493 -0.7598 -0.0347
vn -0.2532 -0.9674 -0.0098
vn -0.2508 -0.9667 -0.0520
vn -0.2232 -0.9704 -0.0922
vn -0.2328 -0.4240 -0.8752
vn -0.1646 -0.4198 -0.8926
vn -0.1542 -0.4170 -0.8957
vn -0.1136 -0.7766 -0.6197
vn -0.1084 -0.7652 -0.6346
vn -0.1575 -0.7879 -0.5953
vn -0.0535 -0.9768 -0.2072
vn -0.0404 -0.9729 -0.2276
vn -0.0408 -0.9677 -0.2488
vn 0.0610 -0.9768 0.2052
vn 0.0828 -0.9729 0.2160
vn 0.0934 -0.9676 0.2348
vn 0.2220 -0.7767 0.5895
vn 0.2337 -0.7656 0.5994
vn 0.1720 -0.7879 0.5913
vn 0.2518 -0.4240 0.8699
vn 0.3190 -0.4206 0.8494
vn 0.3288 -0.4200 0.8459
vn -0.4520 -0.4153 -0.7894
vn -0.3466 -0.4233 -0.8371
vn -0.2320 -0.7922 -0.5644
vn -0.3039 -0.7887 -0.5345
vn -0.0989 -0.9789 -0.1787
vn -0.0763 -0.9787 -0.1907
vn 0.0074 -0.9789 0.2041
vn 0.0330 -0.9787 0.2027
vn 0.0923 -0.7922 0.6032
vn 0.0153 -0.7887 0.6146
vn 0.0197 -0.4153 0.9095
vn 0.1347 -0.4233 0.8959
vn -0.1691 -0.4153 -0.8938
vn -0.1216 -0.7563 -0.6429
vn -0.0513 -0.9621 -0.2677
vn 0.0946 -0.9617 0.2573
vn 0.2269 -0.7566 0.6133
vn 0.3149 -0.4211 0.8506
vn -0.0933 -0.9745 -0.2039
vn -0.0735 -0.9771 -0.1996
vn -0.2677 -0.7670 -0.5832
vn -0.2216 -0.7742 -0.5928
vn -0.3820 -0.3971 -0.8345
vn -0.3213 -0.3988 -0.8589
vn -0.0530 -0.9775 0.2044
vn -0.0186 -0.9791 0.2025
vn -0.0673 -0.7822 0.6194
vn -0.1753 -0.7639 0.6210
vn -0.2536 -0.3713 0.8932
vn -0.1022 -0.3993 0.9111
vn 0.0615 -0.9796 0.1915
vn 0.0483 -0.9784 0.2008
vn 0.1432 -0.7761 0.6141
vn 0.1868 -0.7763 0.6020
vn 0.2714 -0.3938 0.8782
vn 0.2080 -0.3970 0.8940
vn -0.6779 -0.3713 -0.6346
vn -0.5573 -0.3993 -0.7279
vn -0.3771 -0.7822 -0.4960
vn -0.4703 -0.7640 -0.4417
vn -0.1507 -0.9775 -0.1478
vn -0.1203 -0.9791 -0.1639
vn 0.0798 -0.9806 0.1792
vn 0.2505 -0.7751 0.5801
vn 0.3637 -0.3881 0.8468
vn -0.7845 -0.3508 -0.5113
vn -0.5605 -0.7444 -0.3629
vn -0.1857 -0.9744 -0.1264
vn -0.0625 -0.9785 -0.1966
vn -0.1953 -0.7764 -0.5992
vn -0.2849 -0.3972 -0.8724
vn -0.1439 -0.9703 0.1944
vn -0.0941 -0.9744 0.2043
vn -0.2932 -0.7443 0.6001
vn -0.3999 -0.7375 0.5442
vn -0.5494 -0.3536 0.7571
vn -0.4085 -0.3508 0.8426
vn -0.7568 -0.4041 0.5138
vn -0.8256 -0.4265 0.3695
vn -0.8683 -0.4334 0.2411
vn -0.5780 -0.7741 0.2582
vn -0.6058 -0.7777 0.1682
vn -0.5384 -0.7598 0.3646
vn -0.2119 -0.9674 0.1390
vn -0.2266 -0.9689 0.0995
vn -0.2380 -0.9690 0.0661
vn -0.8979 -0.4265 0.1091
vn -0.6283 -0.7741 0.0769
vn -0.2455 -0.9689 0.0316
vn -0.6646 -0.3749 0.6464
vn -0.4810 -0.7430 0.4653
vn -0.1881 -0.9666 0.1740
vn 0.5014 -0.8546 0.1350
vn 0.5958 -0.7550 0.2738
vn 0.7067 -0.5510 0.4438
vn 0.2296 -0.9432 0.2402
vn 0.1905 -0.9200 0.3425
vn 0.1477 -0.9104 0.3866
vn 0.4006 -0.6119 0.6820
vn 0.3009 -0.5859 0.7525
vn 0.5339 -0.6695 0.5164
vn 0.7054 -0.2501 0.6632
vn 0.4993 -0.2102 0.8405
vn 0.3671 -0.1951 0.9095
vn 0.2456 -0.9678 0.0552
vn 0.2448 -0.9623 0.1186
vn 0.6318 -0.7184 0.2910
vn 0.6571 -0.7404 0.1412
vn 0.9331 -0.3004 0.1977
vn 0.8739 -0.2857 0.3932
vn 0.1455 -0.9138 -0.3792
vn 0.1885 -0.9224 -0.3373
vn 0.2288 -0.9441 -0.2374
vn 0.3986 -0.6174 -0.6782
vn 0.5324 -0.6724 -0.5143
vn 0.2990 -0.5931 -0.7476
vn 0.3668 -0.1991 -0.9087
vn 0.4989 -0.2139 -0.8398
vn 0.7049 -0.2529 -0.6627
vn 0.0132 -0.9371 -0.3488
vn 0.0294 -0.9292 -0.3685
vn 0.0326 -0.6392 -0.7684
vn 0.0652 -0.6250 -0.7779
vn 0.0426 -0.2211 -0.9743
vn 0.0830 -0.2156 -0.9730
vn 0.2462 -0.9677 -0.0547
vn 0.2505 -0.9677 -0.0265
vn 0.2529 -0.9675 0.0003
vn 0.6658 -0.7430 -0.0679
vn 0.6699 -0.7424 0.0002
vn 0.6568 -0.7408 -0.1407
vn 0.9329 -0.3012 -0.1976
vn 0.9481 -0.3033 -0.0956
vn 0.9529 -0.3033 0.0000
vn 0.2503 -0.9678 0.0270
vn 0.6660 -0.7428 0.0683
vn 0.9482 -0.3029 0.0957
vn 0.2452 -0.9623 -0.1176
vn 0.6309 -0.7196 -0.2900
vn 0.8735 -0.2873 -0.3930
vn 0.0426 -0.2170 0.9752
vn 0.0831 -0.2114 0.9739
vn 0.0324 -0.6359 0.7711
vn 0.0651 -0.6207 0.7814
vn 0.0127 -0.9376 0.3474
vn 0.0287 -0.9290 0.3689
vn -0.1741 -0.3324 -0.9269
vn 0.0584 -0.3216 -0.9451
vn 0.2754 -0.3060 -0.9113
vn 0.0433 -0.7088 -0.7041
vn 0.2060 -0.6975 -0.6863
vn -0.1272 -0.7191 -0.6832
vn -0.0601 -0.9449 -0.3217
vn 0.0162 -0.9435 -0.3311
vn 0.0880 -0.9444 -0.3168
vn 0.6058 -0.2921 0.7401
vn 0.4340 -0.3036 0.8482
vn 0.2340 -0.3157 0.9196
vn 0.3208 -0.7040 0.6336
vn 0.1723 -0.7071 0.6858
vn 0.4502 -0.7015 0.5525
vn 0.1811 -0.9573 0.2254
vn 0.1315 -0.9513 0.2787
vn 0.0729 -0.9462 0.3154
vn -0.2198 -0.3257 0.9196
vn -0.4430 -0.3184 0.8381
vn -0.6325 -0.3057 0.7116
vn -0.3262 -0.7117 0.6222
vn -0.4664 -0.7093 0.5286
vn -0.1628 -0.7126 0.6825
vn -0.0762 -0.9435 0.3224
vn -0.1433 -0.9474 0.2861
vn -0.1948 -0.9544 0.2262
vn -0.1878 -0.9539 -0.2342
vn -0.2336 -0.9559 -0.1781
vn -0.2530 -0.9597 -0.1219
vn -0.5605 -0.7016 -0.4401
vn -0.6248 -0.7169 -0.3093
vn -0.4466 -0.7091 -0.5457
vn -0.6045 -0.3055 -0.7357
vn -0.7533 -0.2931 -0.5888
vn -0.8549 -0.3058 -0.4190
vn -0.2585 -0.9640 -0.0620
vn -0.2600 -0.9656 -0.0048
vn -0.6529 -0.7400 -0.1614
vn -0.6609 -0.7504 -0.0132
vn -0.9170 -0.3295 -0.2249
vn -0.9397 -0.3414 -0.0191
vn -0.2582 -0.9647 0.0516
vn -0.2522 -0.9615 0.1093
vn -0.6540 -0.7446 0.1334
vn -0.6280 -0.7265 0.2789
vn -0.9237 -0.3347 0.1867
vn -0.8684 -0.3156 0.3823
vn -0.2342 -0.9580 0.1654
vn -0.5695 -0.7110 0.4124
vn -0.7735 -0.3019 0.5573
vn 0.4674 -0.2944 -0.8336
vn 0.6309 -0.2924 -0.7187
vn 0.3491 -0.6946 -0.6291
vn 0.4679 -0.7021 -0.5368
vn 0.1441 -0.9497 -0.2780
vn 0.1872 -0.9578 -0.2180
vn 0.7637 -0.3013 -0.5710
vn 0.8623 -0.3187 -0.3936
vn 0.5611 -0.7137 -0.4194
vn 0.6232 -0.7285 -0.2844
vn 0.2276 -0.9602 -0.1621
vn 0.2529 -0.9612 -0.1102
vn 0.9223 -0.3350 -0.1925
vn 0.9403 -0.3397 0.0201
vn 0.6568 -0.7415 -0.1371
vn 0.6670 -0.7449 0.0140
vn 0.2663 -0.9624 -0.0532
vn 0.2710 -0.9626 0.0052
vn 0.9153 -0.3289 0.2326
vn 0.8483 -0.3073 0.4312
vn 0.6560 -0.7361 0.1667
vn 0.6207 -0.7175 0.3162
vn 0.2669 -0.9616 0.0645
vn 0.2542 -0.9592 0.1235
vn 0.7442 -0.2913 0.6011
vn 0.5533 -0.7030 0.4469
vn 0.2275 -0.9580 0.1748
vn -0.4044 -0.3268 -0.8542
vn -0.2952 -0.7200 -0.6280
vn -0.1296 -0.9489 -0.2877
vn 0.0127 -0.3237 0.9461
vn 0.0083 -0.7108 0.7034
vn 0.0006 -0.9437 0.3308
vn 0.0877 -0.9176 -0.3876
vn 0.1137 -0.9158 -0.3852
vn 0.2321 -0.5951 -0.7694
vn 0.1784 -0.6017 -0.7785
vn 0.2203 -0.2037 -0.9539
vn 0.2849 -0.1993 -0.9376
vn 0.0880 -0.9156 0.3924
vn 0.0578 -0.9206 0.3862
vn 0.1216 -0.6059 0.7862
vn 0.1791 -0.5956 0.7831
vn 0.2204 -0.1998 0.9547
vn 0.1515 -0.2053 0.9669
vn 0.0582 -0.9216 -0.3837
vn 0.1213 -0.6111 -0.7822
vn 0.1514 -0.2093 -0.9661
vn 0.1150 -0.9128 0.3920
vn 0.2334 -0.5881 0.7744
vn 0.2851 -0.1953 0.9384
vn -0.9638 -0.0272 -0.2653
vn -0.9640 -0.0014 -0.2659
usemtl OpenEndedWrench-Material
s 1
f 199/1/1 703/2/2 712/3/3 702/4/4
f 179/5/5 525/6/6 712/3/3 703/2/2
f 171/7/7 702/4/4 712/3/3 525/6/6
f 1863/8/8 1904/9/9 252/10/10 4/11/11
f 23/12/12 270/13/13 713/14/14 681/15/15
f 270/13/13 17/16/16 670/17/17 713/14/14
f 713/14/14 670/17/17 150/18/18 490/19/19
f 681/15/15 713/14/14 490/19/19 122/20/20
f 102/21/21 656/22/22 714/23/23 379/24/24
f 656/22/22 29/25/25 277/26/26 714/23/23
f 714/23/23 277/26/26 32/27/27 677/28/28
f 379/24/24 714/23/23 677/28/28 104/29/29
f 11/30/30 263/31/31 715/32/32 671/33/33
f 263/31/31 18/34/34 672/35/35 715/32/32
f 715/32/32 672/35/35 146/36/36 455/37/37
f 671/33/33 715/32/32 455/37/37 85/38/38
f 39/39/39 644/40/40 716/41/41 359/42/42
f 644/40/40 15/43/43 645/44/44 716/41/41
f 716/41/41 645/44/44 141/45/45 461/46/46
f 359/42/42 716/41/41 461/46/46 72/47/47
f 340/48/48 810/49/49 614/50/50 228/51/51
f 806/52/52 353/53/53 224/54/54 612/55/55
f 36/56/56 286/57/56 717/58/57 696/59/58
f 286/57/56 33/60/59 674/61/60 717/58/57
f 717/58/57 674/61/60 135/62/61 508/63/62
f 696/59/58 717/58/57 508/63/62 161/64/63
f 1864/65/64 1905/66/65 654/67/66 3/68/67
f 31/69/68 283/70/69 718/71/70 691/72/71
f 283/70/69 37/73/72 698/74/73 718/71/70
f 718/71/70 698/74/73 165/75/74 505/76/75
f 691/72/71 718/71/70 505/76/75 137/77/76
f 50/78/77 341/79/78 719/80/79 509/81/80
f 341/79/78 58/82/81 655/83/82 719/80/79
f 719/80/79 655/83/82 29/25/25 656/22/22
f 509/81/80 719/80/79 656/22/22 102/21/21
f 1865/84/83 1906/85/84 254/86/85 6/87/86
f 1866/88/87 1907/89/88 253/90/89 5/91/90
f 1867/92/91 1908/93/92 256/94/93 8/95/94
f 7/96/95 255/97/96 720/98/97 676/99/98
f 255/97/96 23/12/12 681/15/15 720/98/97
f 720/98/97 681/15/15 122/20/20 413/100/99
f 676/99/98 720/98/97 413/100/99 107/101/100
f 1868/102/101 1909/103/102 255/97/96 7/96/95
f 1910/104/103 647/105/104 16/106/105 1859/107/106
f 1869/108/107 1911/109/108 258/110/109 10/111/110
f 1870/112/111 1912/113/112 257/114/113 9/115/114
f 2/116/115 251/117/116 721/118/117 649/119/118
f 251/117/116 9/115/114 661/120/119 721/118/117
f 721/118/117 661/120/119 66/121/120 369/122/121
f 649/119/118 721/118/117 369/122/121 70/123/122
f 24/124/123 271/125/124 722/126/125 695/127/126
f 271/125/124 13/128/127 693/129/128 722/126/125
f 722/126/125 693/129/128 134/130/129 495/131/130
f 695/127/126 722/126/125 495/131/130 152/132/131
f 153/133/132 682/134/133 723/135/134 468/136/135
f 682/134/133 123/137/136 488/138/137 723/135/134
f 723/135/134 488/138/137 149/139/138 668/140/139
f 468/136/135 723/135/134 668/140/139 147/141/140
f 135/62/61 675/142/141 724/143/142 492/144/143
f 675/142/141 108/145/144 410/146/145 724/143/142
f 724/143/142 410/146/145 123/137/136 682/134/133
f 492/144/143 724/143/142 682/134/133 153/133/132
f 288/147/146 800/148/147 706/149/148 213/150/149
f 1945/151/150 1896/152/151 216/153/152 307/154/153
f 30/155/154 653/156/155 725/157/156 278/158/157
f 653/156/155 89/159/158 392/160/159 725/157/156
f 725/157/156 392/160/159 91/161/160 673/162/161
f 278/158/157 725/157/156 673/162/161 33/60/59
f 353/53/53 808/163/162 607/164/163 224/54/54
f 215/165/164 705/166/165 802/167/166 298/168/167
f 1884/169/168 1917/170/169 648/171/170 42/172/171
f 20/173/172 262/174/173 726/175/174 688/176/175
f 262/174/173 12/177/176 687/178/177 726/175/174
f 726/175/174 687/178/177 120/179/178 447/180/179
f 688/176/175 726/175/174 447/180/179 144/181/180
f 1871/182/181 1919/183/182 264/184/183 17/16/16
f 1872/185/184 1920/186/185 262/174/173 20/173/172
f 1873/187/186 1921/188/187 266/189/188 19/190/189
f 1874/191/190 1922/192/191 268/193/192 21/194/193
f 13/128/127 274/195/194 727/196/195 693/129/128
f 274/195/194 27/197/196 694/198/197 727/196/195
f 727/196/195 694/198/197 162/199/198 506/200/199
f 693/129/128 727/196/195 506/200/199 134/130/129
f 1875/201/200 1923/202/201 267/203/202 22/204/203
f 1876/205/204 1925/206/205 270/13/13 23/12/12
f 1877/207/206 1926/208/207 273/209/208 25/210/209
f 60/211/210 349/212/211 728/213/212 660/214/213
f 349/212/211 64/215/214 658/216/215 728/213/212
f 728/213/212 658/216/215 34/217/216 279/218/217
f 660/214/213 728/213/212 279/218/217 35/219/218
f 125/220/219 679/221/220 729/222/221 482/223/222
f 679/221/220 129/224/223 487/225/224 729/222/221
f 729/222/221 487/225/224 158/226/225 685/227/226
f 482/223/222 729/222/221 685/227/226 156/228/227
f 147/141/140 668/140/139 730/229/228 452/230/229
f 668/140/139 149/139/138 462/231/230 730/229/228
f 730/229/228 462/231/230 82/232/231 669/233/232
f 452/230/229 730/229/228 669/233/232 86/234/233
f 1878/235/234 1927/236/235 259/237/236 26/238/237
f 156/228/227 685/227/226 731/239/238 473/240/239
f 685/227/226 158/226/225 481/241/240 731/239/238
f 731/239/238 481/241/240 143/242/241 686/243/242
f 473/240/239 731/239/238 686/243/242 111/244/243
f 32/27/27 276/245/68 732/246/244 678/247/245
f 276/245/68 31/69/68 691/72/71 732/246/244
f 732/246/244 691/72/71 137/77/76 431/248/246
f 678/247/245 732/246/244 431/248/246 129/224/223
f 1891/249/247 182/250/248 518/251/249 1929/252/250
f 1928/253/251 644/40/40 39/39/39 1887/254/252
f 10/111/110 258/110/109 733/255/253 666/256/254
f 258/110/109 1/257/255 642/258/256 733/255/253
f 733/255/253 642/258/256 80/259/257 424/260/258
f 666/256/254 733/255/253 424/260/258 116/261/259
f 25/210/209 273/209/208 734/262/260 697/263/261
f 273/209/208 26/238/237 689/264/262 734/262/260
f 734/262/260 689/264/262 138/265/263 503/266/264
f 697/263/261 734/262/260 503/266/264 164/267/265
f 8/95/94 256/94/93 735/268/266 680/269/267
f 256/94/93 3/68/67 657/270/268 735/268/266
f 735/268/266 657/270/268 105/271/269 418/272/270
f 680/269/267 735/268/266 418/272/270 126/273/271
f 33/60/59 673/162/161 736/274/272 674/61/60
f 673/162/161 91/161/160 386/275/273 736/274/272
f 736/274/272 386/275/273 108/145/144 675/142/141
f 674/61/60 736/274/272 675/142/141 135/62/61
f 67/276/274 663/277/275 737/278/276 364/279/277
f 663/277/275 132/280/278 458/281/279 737/278/276
f 737/278/276 458/281/279 96/282/280 375/283/281
f 364/279/277 737/278/276 375/283/281 69/284/282
f 86/234/233 669/233/232 738/285/283 440/286/284
f 669/233/232 82/232/231 403/287/285 738/285/283
f 738/285/283 403/287/285 117/288/286 665/289/287
f 440/286/284 738/285/283 665/289/287 140/290/288
f 4/11/11 252/10/10 739/291/289 651/292/290
f 252/10/10 7/96/95 676/99/98 739/291/289
f 739/291/289 676/99/98 107/101/100 391/293/291
f 651/292/290 739/291/289 391/293/291 92/294/292
f 17/16/16 264/184/183 740/295/293 670/17/17
f 264/184/183 6/87/86 667/296/294 740/295/293
f 740/295/293 667/296/294 83/297/295 466/298/296
f 670/17/17 740/295/293 466/298/296 150/18/18
f 12/177/176 260/299/297 741/300/298 687/178/177
f 260/299/297 16/106/105 646/301/299 741/300/298
f 741/300/298 646/301/299 131/302/300 433/303/301
f 687/178/177 741/300/298 433/303/301 120/179/178
f 104/29/29 677/28/28 742/304/302 414/305/303
f 677/28/28 32/27/27 678/247/245 742/304/302
f 742/304/302 678/247/245 129/224/223 679/221/220
f 414/305/303 742/304/302 679/221/220 125/220/219
f 34/217/216 285/306/304 743/307/305 287/308/306
f 285/306/304 30/155/154 278/158/157 743/307/305
f 743/307/305 278/158/157 33/60/59 286/57/56
f 287/308/306 743/307/305 286/57/56 36/56/56
f 9/115/114 257/114/113 744/309/307 661/120/119
f 257/114/113 5/91/90 664/310/308 744/309/307
f 744/309/307 664/310/308 114/311/309 421/312/310
f 661/120/119 744/309/307 421/312/310 66/121/120
f 21/194/193 268/193/192 745/313/311 684/314/312
f 268/193/192 8/95/94 680/269/267 745/313/311
f 745/313/311 680/269/267 126/273/271 484/315/313
f 684/314/312 745/313/311 484/315/313 155/316/314
f 111/244/243 686/243/242 746/317/315 396/318/316
f 686/243/242 143/242/241 450/319/317 746/317/315
f 746/317/315 450/319/317 119/320/318 662/321/319
f 396/318/316 746/317/315 662/321/319 113/322/320
f 26/238/237 259/237/236 747/323/321 689/264/262
f 259/237/236 14/324/322 690/325/323 747/323/321
f 747/323/321 690/325/323 128/326/324 426/327/325
f 689/264/262 747/323/321 426/327/325 138/265/263
f 19/190/189 266/189/188 748/328/326 683/329/327
f 266/189/188 21/194/193 684/314/312 748/328/326
f 748/328/326 684/314/312 155/316/314 476/330/328
f 683/329/327 748/328/326 476/330/328 110/331/329
f 28/332/330 282/333/331 749/334/332 284/335/333
f 282/333/331 35/219/218 281/336/334 749/334/332
f 749/334/332 281/336/334 37/73/72 283/70/69
f 284/335/333 749/334/332 283/70/69 31/69/68
f 22/204/203 267/203/202 750/337/335 692/338/336
f 267/203/202 20/173/172 688/176/175 750/337/335
f 750/337/335 688/176/175 144/181/180 478/339/337
f 692/338/336 750/337/335 478/339/337 159/340/338
f 14/324/322 269/341/339 751/342/340 690/325/323
f 269/341/339 22/204/203 692/338/336 751/342/340
f 751/342/340 692/338/336 159/340/338 485/343/341
f 690/325/323 751/342/340 485/343/341 128/326/324
f 29/25/25 275/344/342 752/345/343 277/26/26
f 275/344/342 28/332/330 284/335/333 752/345/343
f 752/345/343 284/335/333 31/69/68 276/245/68
f 277/26/26 752/345/343 276/245/68 32/27/27
f 35/219/218 279/218/217 753/346/344 281/336/334
f 279/218/217 34/217/216 287/308/306 753/346/344
f 753/346/344 287/308/306 36/56/56 280/347/345
f 281/336/334 753/346/344 280/347/345 37/73/72
f 1929/252/250 518/251/249 168/348/346 1890/349/347
f 27/197/196 272/350/348 754/351/349 694/198/197
f 272/350/348 25/210/209 697/263/261 754/351/349
f 754/351/349 697/263/261 164/267/265 497/352/350
f 694/198/197 754/351/349 497/352/350 162/199/198
f 15/43/43 261/353/351 755/354/352 645/44/44
f 261/353/351 11/30/30 671/33/33 755/354/352
f 755/354/352 671/33/33 85/38/38 445/355/353
f 645/44/44 755/354/352 445/355/353 141/45/45
f 140/290/288 665/289/287 756/356/70 459/357/354
f 665/289/287 117/288/286 422/358/355 756/356/70
f 756/356/70 422/358/355 79/359/356 370/360/357
f 459/357/354 756/356/70 370/360/357 73/361/358
f 810/49/49 352/362/359 226/363/360 614/50/50
f 352/362/359 806/52/52 612/55/55 226/363/360
f 6/87/86 254/86/85 757/364/361 667/296/294
f 254/86/85 10/111/110 666/256/254 757/364/361
f 757/364/361 666/256/254 116/261/259 408/365/362
f 667/296/294 757/364/361 408/365/362 83/297/295
f 56/366/363 337/367/364 758/368/365 652/369/366
f 337/367/364 45/370/367 347/371/368 758/368/365
f 758/368/365 347/371/368 89/159/158 653/156/155
f 652/369/366 758/368/365 653/156/155 30/155/154
f 5/91/90 253/90/89 759/372/369 664/310/308
f 253/90/89 19/190/189 683/329/327 759/372/369
f 759/372/369 683/329/327 110/331/329 401/373/370
f 664/310/308 759/372/369 401/373/370 114/311/309
f 42/172/171 648/171/170 760/374/371 330/375/372
f 648/171/170 2/116/115 649/119/118 760/374/371
f 760/374/371 649/119/118 70/123/122 377/376/373
f 330/375/372 760/374/371 377/376/373 95/377/374
f 16/106/105 647/105/104 761/378/375 646/301/299
f 647/105/104 41/379/376 326/380/377 761/378/375
f 761/378/375 326/380/377 94/381/378 456/382/379
f 646/301/299 761/378/375 456/382/379 131/302/300
f 37/73/72 280/347/345 762/383/276 698/74/73
f 280/347/345 36/56/56 696/59/58 762/383/276
f 762/383/276 696/59/58 161/64/63 502/384/380
f 698/74/73 762/383/276 502/384/380 165/75/74
f 18/34/34 265/385/381 763/386/382 672/35/35
f 265/385/381 24/124/123 695/127/126 763/386/382
f 763/386/382 695/127/126 152/132/131 471/387/383
f 672/35/35 763/386/382 471/387/383 146/36/36
f 113/322/320 662/321/319 764/388/384 419/389/385
f 662/321/319 119/320/318 438/390/386 764/388/384
f 764/388/384 438/390/386 132/280/278 663/277/275
f 419/389/385 764/388/384 663/277/275 67/276/274
f 3/68/67 654/67/66 765/391/387 657/270/268
f 654/67/66 51/392/388 511/393/389 765/391/387
f 765/391/387 511/393/389 101/394/390 384/395/391
f 657/270/268 765/391/387 384/395/391 105/271/269
f 167/396/392 699/397/393 766/398/394 634/399/395
f 699/397/393 210/400/396 617/401/397 766/398/394
f 766/398/394 617/401/397 230/402/398 701/403/399
f 634/399/395 766/398/394 701/403/399 238/404/400
f 1932/405/401 630/406/402 176/407/403 1899/408/404
f 213/150/149 706/149/148 767/409/405 532/410/406
f 706/149/148 228/51/51 570/411/407 767/409/405
f 767/409/405 570/411/407 196/412/408 707/413/409
f 532/410/406 767/409/405 707/413/409 173/414/410
f 167/396/392 513/415/411 768/416/412 699/397/393
f 183/417/413 700/418/414 768/416/412 513/415/411
f 210/400/396 699/397/393 768/416/412 700/418/414
f 1933/419/415 547/420/416 188/421/417 1901/422/418
f 232/423/419 576/424/420 769/425/421 704/426/422
f 576/424/420 199/1/1 702/4/4 769/425/421
f 769/425/421 702/4/4 171/7/7 622/427/423
f 704/426/422 769/425/421 622/427/423 235/428/424
f 206/429/425 710/430/426 770/431/427 583/432/428
f 710/430/426 189/433/429 545/434/430 770/431/427
f 770/431/427 545/434/430 185/435/431 711/436/432
f 583/432/428 770/431/427 711/436/432 203/437/433
f 64/215/214 356/438/434 771/439/435 658/216/215
f 356/438/434 56/366/363 652/369/366 771/439/435
f 771/439/435 652/369/366 30/155/154 285/306/304
f 658/216/215 771/439/435 285/306/304 34/217/216
f 1894/440/436 234/441/437 625/442/438 1935/443/439
f 1934/444/440 544/445/441 186/446/442 1902/447/443
f 1935/443/439 625/442/438 170/448/444 1893/449/445
f 1901/422/418 188/421/417 523/450/446 1937/451/447
f 1936/452/448 550/453/449 191/454/450 1900/455/451
f 194/456/452 597/457/453 772/458/454 708/459/455
f 597/457/453 219/460/456 705/166/165 772/458/454
f 772/458/454 705/166/165 215/165/164 557/461/457
f 708/459/455 772/458/454 557/461/457 177/462/458
f 206/429/425 578/463/459 773/464/460 710/430/426
f 578/463/459 210/400/396 700/418/414 773/464/460
f 773/464/460 700/418/414 183/417/413 520/465/461
f 710/430/426 773/464/460 520/465/461 189/433/429
f 203/437/433 711/436/432 774/466/462 587/467/463
f 711/436/432 185/435/431 539/468/464 774/466/462
f 774/466/462 539/468/464 192/469/465 709/470/466
f 587/467/463 774/466/462 709/470/466 201/471/467
f 1897/472/468 1938/473/469 537/474/470 174/475/471
f 1937/451/447 523/450/446 182/250/248 1891/249/247
f 199/1/1 591/476/472 775/477/473 703/2/2
f 591/476/472 201/471/467 709/470/466 775/477/473
f 775/477/473 709/470/466 192/469/465 548/478/474
f 703/2/2 775/477/473 548/478/474 179/5/5
f 196/412/408 620/479/475 776/480/476 707/413/409
f 620/479/475 232/423/419 704/426/422 776/480/476
f 776/480/476 704/426/422 235/428/424 631/481/477
f 707/413/409 776/480/476 631/481/477 173/414/410
f 808/163/162 335/482/478 222/483/479 607/164/163
f 335/482/478 798/484/480 602/485/481 222/483/479
f 44/486/482 650/487/483 777/488/484 343/489/485
f 650/487/483 4/11/11 651/292/290 777/488/484
f 777/488/484 651/292/290 92/294/292 394/490/486
f 343/489/485 777/488/484 394/490/486 88/491/487
f 62/492/488 354/493/489 778/494/490 659/495/491
f 354/493/489 60/211/210 660/214/213 778/494/490
f 778/494/490 660/214/213 35/219/218 282/333/331
f 659/495/491 778/494/490 282/333/331 28/332/330
f 1257/496/492 1143/497/493 1630/498/494 1727/499/495
f 58/82/81 332/500/496 779/501/497 655/83/82
f 332/500/496 62/492/488 659/495/491 779/501/497
f 779/501/497 659/495/491 28/332/330 275/344/342
f 655/83/82 779/501/497 275/344/342 29/25/25
f 1882/502/498 1939/503/499 650/487/483 44/486/482
f 551/504/500 217/505/501 300/506/502 788/507/503
f 800/148/147 340/48/48 228/51/51 706/149/148
f 238/404/400 701/403/399 780/508/504 627/509/505
f 701/403/399 230/402/398 564/510/506 780/508/504
f 780/508/504 564/510/506 194/456/452 708/459/455
f 627/509/505 780/508/504 708/459/455 177/462/458
f 1896/152/151 1940/511/507 552/512/508 216/153/152
f 1897/472/468 174/475/471 633/513/509 1941/514/510
f 1941/514/510 633/513/509 234/441/437 1894/440/436
f 1942/515/511 636/516/512 237/517/513 1892/518/514
f 1879/519/515 1944/520/516 272/350/348 27/197/196
f 1943/521/517 530/522/518 180/523/519 1895/524/520
f 245/525/521 207/526/522 1563/527/523 1509/528/524
f 1563/527/523 204/529/525 244/530/526 1509/528/524
f 243/531/527 1166/532/528 593/533/529 1517/534/530
f 593/533/529 198/535/531 242/536/532 1517/534/530
f 1133/537/533 209/538/534 1562/539/535 638/540/536
f 1562/539/535 207/526/522 245/525/521 638/540/536
f 1170/541/537 615/542/538 1538/543/539 249/544/540
f 615/542/538 209/538/534 1133/537/533 1538/543/539
f 1142/545/541 218/546/542 1565/547/543 639/548/544
f 1565/547/543 1164/549/545 240/550/546 639/548/544
f 240/550/546 1164/549/545 559/551/547 1480/552/548
f 559/551/547 1170/541/537 249/544/540 1480/552/548
f 1145/553/549 221/554/550 598/555/551 1522/556/552
f 598/555/551 218/546/542 1142/545/541 1522/556/552
f 247/557/553 1168/558/554 608/559/555 1531/560/556
f 608/559/555 1167/561/557 246/562/558 1531/560/556
f 1169/563/559 1566/564/560 641/565/561 248/566/562
f 1566/564/560 1168/558/554 247/557/553 641/565/561
f 241/567/563 1165/568/564 1560/569/565 1487/570/566
f 1560/569/565 1169/563/559 248/566/562 1487/570/566
f 244/571/526 204/572/525 1564/573/567 1514/574/568
f 1564/573/567 1166/532/528 243/531/527 1514/574/568
f 246/562/558 1167/561/557 603/575/569 640/576/570
f 603/575/569 221/554/550 1145/553/549 640/576/570
f 198/535/531 1561/577/571 637/578/572 242/536/532
f 1561/577/571 1171/579/573 250/580/574 637/578/572
f 250/580/574 1171/579/573 618/581/575 1541/582/576
f 618/581/575 1165/568/564 241/567/563 1541/582/576
f 1948/583/577 291/584/578 212/585/579 1898/586/580
f 531/587/581 214/588/582 289/589/583 781/590/584
f 214/588/582 535/591/585 782/592/586 289/589/583
f 781/590/584 289/589/583 46/593/587 290/594/588
f 288/147/146 781/590/584 290/594/588 49/595/589
f 217/505/501 555/596/590 785/597/591 300/506/502
f 291/584/578 47/598/592 292/599/593 782/600/586
f 782/592/586 292/601/593 46/593/587 289/589/583
f 535/602/585 212/585/579 291/584/578 782/600/586
f 44/486/482 294/603/594 783/604/595 293/605/596
f 294/606/594 48/607/597 295/608/598 783/609/595
f 783/609/595 295/608/598 46/593/587 292/601/593
f 293/605/596 783/604/595 292/599/593 47/598/592
f 45/370/367 297/610/599 784/611/600 296/612/601
f 297/610/599 49/595/589 290/594/588 784/611/600
f 784/611/600 290/594/588 46/593/587 295/608/598
f 296/612/601 784/611/600 295/608/598 48/607/597
f 788/613/503 307/154/153 216/153/152 551/614/500
f 298/168/167 52/615/602 299/616/603 785/597/591
f 785/597/591 299/616/603 53/617/604 300/506/502
f 555/596/590 215/165/164 298/168/167 785/597/591
f 50/78/77 302/618/605 786/619/606 301/620/607
f 302/618/605 54/621/608 303/622/609 786/619/606
f 786/619/606 303/622/609 53/617/604 299/616/603
f 301/620/607 786/619/606 299/616/603 52/615/602
f 51/392/388 305/623/610 787/624/611 304/625/612
f 305/623/610 55/626/613 306/627/614 787/624/611
f 787/628/611 306/629/614 53/617/604 303/622/609
f 304/630/612 787/628/611 303/622/609 54/621/608
f 798/484/480 336/631/615 219/460/456 602/485/481
f 788/507/503 300/506/502 53/617/604 306/629/614
f 307/154/153 788/613/503 306/627/614 55/626/613
f 72/47/47 309/632/616 789/633/617 308/634/618
f 309/635/616 75/636/619 310/637/620 789/638/617
f 789/638/617 310/637/620 76/639/621 311/640/622
f 308/634/618 789/633/617 311/641/622 78/642/623
f 73/361/358 313/643/624 790/644/625 312/645/626
f 313/643/624 77/646/627 314/647/628 790/644/625
f 790/644/625 314/647/628 76/639/621 310/637/620
f 312/645/626 790/644/625 310/637/620 75/636/619
f 74/648/629 316/649/630 791/650/631 315/651/632
f 316/649/630 78/642/623 311/641/622 791/650/631
f 791/652/631 311/640/622 76/639/621 314/647/628
f 315/653/632 791/652/631 314/647/628 77/646/627
f 94/381/378 318/654/633 792/655/634 317/656/635
f 318/654/633 97/657/636 319/658/637 792/655/634
f 792/659/634 319/660/637 98/661/638 320/662/639
f 317/663/635 792/659/634 320/662/639 100/664/640
f 95/377/374 322/665/641 793/666/642 321/667/643
f 322/668/641 99/669/644 323/670/645 793/671/642
f 793/671/642 323/670/645 98/661/638 319/660/637
f 321/667/643 793/666/642 319/658/637 97/657/636
f 96/282/280 325/672/646 794/673/647 324/674/648
f 325/672/646 100/664/640 320/662/639 794/673/647
f 794/673/647 320/662/639 98/661/638 323/670/645
f 324/674/648 794/673/647 323/670/645 99/669/644
f 94/381/378 326/380/377 795/675/649 318/654/633
f 326/380/377 41/379/376 327/676/650 795/675/649
f 795/675/649 327/676/650 43/677/651 328/678/652
f 318/654/633 795/675/649 328/678/652 97/657/636
f 97/657/636 328/678/652 796/679/653 321/667/643
f 328/678/652 43/677/651 329/680/654 796/679/653
f 796/679/653 329/680/654 42/172/171 330/375/372
f 321/667/643 796/679/653 330/375/372 95/377/374
f 62/492/488 332/500/496 797/681/655 331/682/656
f 332/500/496 58/82/81 333/683/657 797/681/655
f 797/681/655 333/683/657 59/684/658 334/685/659
f 331/682/656 797/681/655 334/685/659 63/686/660
f 63/686/660 334/685/659 798/484/480 335/482/478
f 334/685/659 59/684/658 336/631/615 798/484/480
f 45/370/367 337/367/364 799/687/661 297/610/599
f 337/367/364 56/366/363 338/688/662 799/687/661
f 799/687/661 338/688/662 57/689/663 339/690/664
f 297/610/599 799/687/661 339/690/664 49/595/589
f 49/595/589 339/690/664 800/148/147 288/147/146
f 339/690/664 57/689/663 340/48/48 800/148/147
f 58/82/81 341/79/78 801/691/665 333/683/657
f 341/79/78 50/78/77 301/620/607 801/691/665
f 801/691/665 301/620/607 52/615/602 342/692/666
f 333/683/657 801/691/665 342/692/666 59/684/658
f 59/684/658 342/692/666 802/167/166 336/631/615
f 342/692/666 52/615/602 298/168/167 802/167/166
f 336/631/615 802/167/166 705/166/165 219/460/456
f 44/486/482 343/489/485 803/693/667 294/603/594
f 343/489/485 88/491/487 344/694/668 803/693/667
f 803/695/667 344/696/668 90/697/669 345/698/670
f 294/606/594 803/695/667 345/698/670 48/607/597
f 48/607/597 345/698/670 804/699/671 296/612/601
f 345/698/670 90/697/669 346/700/672 804/699/671
f 804/699/671 346/700/672 89/159/158 347/371/368
f 296/612/601 804/699/671 347/371/368 45/370/367
f 64/215/214 349/212/211 805/701/673 348/702/674
f 349/212/211 60/211/210 350/703/675 805/701/673
f 805/701/673 350/703/675 61/704/676 351/705/677
f 348/702/674 805/701/673 351/705/677 65/706/678
f 65/706/678 351/705/677 806/52/52 352/362/359
f 351/705/677 61/704/676 353/53/53 806/52/52
f 60/211/210 354/493/489 807/707/679 350/703/675
f 354/493/489 62/492/488 331/682/656 807/707/679
f 807/707/679 331/682/656 63/686/660 355/708/680
f 350/703/675 807/707/679 355/708/680 61/704/676
f 61/704/676 355/708/680 808/163/162 353/53/53
f 355/708/680 63/686/660 335/482/478 808/163/162
f 56/366/363 356/438/434 809/709/681 338/688/662
f 356/438/434 64/215/214 348/702/674 809/709/681
f 809/709/681 348/702/674 65/706/678 357/710/682
f 338/688/662 809/709/681 357/710/682 57/689/663
f 57/689/663 357/710/682 810/49/49 340/48/48
f 357/710/682 65/706/678 352/362/359 810/49/49
f 39/39/39 359/42/42 811/711/683 358/712/684
f 359/42/42 72/47/47 308/634/618 811/711/683
f 811/711/683 308/634/618 78/642/623 360/713/685
f 358/712/684 811/711/683 360/713/685 40/714/686
f 40/714/686 360/713/685 812/715/687 361/716/688
f 360/713/685 78/642/623 316/649/630 812/715/687
f 812/715/687 316/649/630 74/648/629 362/717/689
f 361/716/688 812/715/687 362/717/689 38/718/690
f 67/276/274 364/279/277 813/719/691 363/720/692
f 364/279/277 69/284/282 365/721/693 813/719/691
f 813/719/691 365/721/693 71/722/694 366/723/695
f 363/720/692 813/719/691 366/723/695 68/724/696
f 68/724/696 366/723/695 814/725/697 367/726/698
f 366/723/695 71/722/694 368/727/699 814/725/697
f 814/728/697 368/729/699 70/123/122 369/122/121
f 367/730/698 814/728/697 369/122/121 66/121/120
f 73/361/358 370/360/357 815/731/700 313/643/624
f 370/360/357 79/359/356 371/732/701 815/731/700
f 815/731/700 371/732/701 81/733/702 372/734/703
f 313/643/624 815/731/700 372/734/703 77/646/627
f 77/646/627 372/734/703 816/735/704 315/653/632
f 372/734/703 81/733/702 373/736/705 816/735/704
f 816/737/704 373/738/705 80/259/257 374/739/706
f 315/651/632 816/737/704 374/739/706 74/648/629
f 69/284/282 375/283/281 817/740/707 365/721/693
f 375/283/281 96/282/280 324/674/648 817/740/707
f 817/740/707 324/674/648 99/669/644 376/741/708
f 365/721/693 817/740/707 376/741/708 71/722/694
f 71/722/694 376/741/708 818/742/709 368/727/699
f 376/741/708 99/669/644 322/668/641 818/742/709
f 818/743/709 322/665/641 95/377/374 377/376/373
f 368/729/699 818/743/709 377/376/373 70/123/122
f 102/21/21 379/24/24 819/744/710 378/745/711
f 379/24/24 104/29/29 380/746/712 819/744/710
f 819/744/710 380/746/712 106/747/713 381/748/714
f 378/745/711 819/744/710 381/748/714 103/749/715
f 103/749/715 381/748/714 820/750/716 382/751/717
f 381/748/714 106/747/713 383/752/718 820/750/716
f 820/753/716 383/754/718 105/271/269 384/395/391
f 382/755/717 820/753/716 384/395/391 101/394/390
f 108/145/144 386/275/273 821/756/719 385/757/720
f 386/275/273 91/161/160 387/758/721 821/756/719
f 821/756/719 387/758/721 93/759/722 388/760/723
f 385/757/720 821/756/719 388/760/723 109/761/724
f 109/761/724 388/760/723 822/762/725 389/763/726
f 388/760/723 93/759/722 390/764/727 822/762/725
f 822/765/725 390/766/727 92/294/292 391/293/291
f 389/767/726 822/765/725 391/293/291 107/101/100
f 91/161/160 392/160/159 823/768/728 387/758/721
f 392/160/159 89/159/158 346/700/672 823/768/728
f 823/768/728 346/700/672 90/697/669 393/769/729
f 387/758/721 823/768/728 393/769/729 93/759/722
f 93/759/722 393/769/729 824/770/730 390/764/727
f 393/769/729 90/697/669 344/696/668 824/770/730
f 824/771/730 344/694/668 88/491/487 394/490/486
f 390/766/727 824/771/730 394/490/486 92/294/292
f 111/244/243 396/318/316 825/772/731 395/773/732
f 396/318/316 113/322/320 397/774/733 825/772/731
f 825/772/731 397/774/733 115/775/734 398/776/735
f 395/773/732 825/772/731 398/776/735 112/777/736
f 112/777/736 398/776/735 826/778/737 399/779/738
f 398/776/735 115/775/734 400/780/739 826/778/737
f 826/781/737 400/782/739 114/311/309 401/373/370
f 399/783/738 826/781/737 401/373/370 110/331/329
f 117/288/286 403/287/285 827/784/740 402/785/741
f 403/287/285 82/232/231 404/786/742 827/784/740
f 827/784/740 404/786/742 84/787/743 405/788/744
f 402/785/741 827/784/740 405/788/744 118/789/745
f 118/789/745 405/788/744 828/790/746 406/791/747
f 405/788/744 84/787/743 407/792/748 828/790/746
f 828/793/746 407/794/748 83/297/295 408/365/362
f 406/795/747 828/793/746 408/365/362 116/261/259
f 123/137/136 410/146/145 829/796/749 409/797/750
f 410/146/145 108/145/144 385/757/720 829/796/749
f 829/796/749 385/757/720 109/761/724 411/798/751
f 409/797/750 829/796/749 411/798/751 124/799/752
f 124/799/752 411/798/751 830/800/753 412/801/754
f 411/798/751 109/761/724 389/763/726 830/800/753
f 830/802/753 389/767/726 107/101/100 413/100/99
f 412/803/754 830/802/753 413/100/99 122/20/20
f 104/29/29 414/305/303 831/804/755 380/746/712
f 414/305/303 125/220/219 415/805/756 831/804/755
f 831/804/755 415/805/756 127/806/757 416/807/758
f 380/746/712 831/804/755 416/807/758 106/747/713
f 106/747/713 416/807/758 832/808/759 383/752/718
f 416/807/758 127/806/757 417/809/760 832/808/759
f 832/810/759 417/811/760 126/273/271 418/272/270
f 383/754/718 832/810/759 418/272/270 105/271/269
f 113/322/320 419/389/385 833/812/761 397/774/733
f 419/389/385 67/276/274 363/720/692 833/812/761
f 833/812/761 363/720/692 68/724/696 420/813/762
f 397/774/733 833/812/761 420/813/762 115/775/734
f 115/775/734 420/813/762 834/814/763 400/780/739
f 420/813/762 68/724/696 367/726/698 834/814/763
f 834/815/763 367/730/698 66/121/120 421/312/310
f 400/782/739 834/815/763 421/312/310 114/311/309
f 79/359/356 422/358/355 835/816/764 371/732/701
f 422/358/355 117/288/286 402/785/741 835/816/764
f 835/816/764 402/785/741 118/789/745 423/817/765
f 371/732/701 835/816/764 423/817/765 81/733/702
f 81/733/702 423/817/765 836/818/766 373/736/705
f 423/817/765 118/789/745 406/791/747 836/818/766
f 836/819/766 406/795/747 116/261/259 424/260/258
f 373/738/705 836/819/766 424/260/258 80/259/257
f 138/265/263 426/327/325 837/820/767 425/821/768
f 426/327/325 128/326/324 427/822/769 837/820/767
f 837/823/767 427/824/769 130/825/770 428/826/771
f 425/827/768 837/823/767 428/826/771 139/828/772
f 139/828/772 428/826/771 838/829/773 429/830/774
f 428/826/771 130/825/770 430/831/775 838/829/773
f 838/829/773 430/831/775 129/224/223 431/248/246
f 429/830/774 838/829/773 431/248/246 137/77/76
f 120/179/178 433/303/301 839/832/776 432/833/777
f 433/303/301 131/302/300 434/834/778 839/832/776
f 839/835/776 434/836/778 133/837/779 435/838/780
f 432/839/777 839/835/776 435/838/780 121/840/781
f 121/840/781 435/838/780 840/841/782 436/842/783
f 435/838/780 133/837/779 437/843/784 840/841/782
f 840/841/782 437/843/784 132/280/278 438/390/386
f 436/842/783 840/841/782 438/390/386 119/320/318
f 86/234/233 440/286/284 841/844/785 439/845/786
f 440/286/284 140/290/288 441/846/787 841/844/785
f 841/844/785 441/846/787 142/847/788 442/848/789
f 439/845/786 841/844/785 442/848/789 87/849/790
f 87/849/790 442/848/789 842/850/791 443/851/792
f 442/848/789 142/847/788 444/852/793 842/850/791
f 842/853/791 444/854/793 141/45/45 445/355/353
f 443/855/792 842/853/791 445/355/353 85/38/38
f 144/181/180 447/180/179 843/856/794 446/857/795
f 447/180/179 120/179/178 432/833/777 843/856/794
f 843/858/794 432/839/777 121/840/781 448/859/796
f 446/860/795 843/858/794 448/859/796 145/861/797
f 145/861/797 448/859/796 844/862/798 449/863/799
f 448/859/796 121/840/781 436/842/783 844/862/798
f 844/862/798 436/842/783 119/320/318 450/319/317
f 449/863/799 844/862/798 450/319/317 143/242/241
f 147/141/140 452/230/229 845/864/800 451/865/801
f 452/230/229 86/234/233 439/845/786 845/864/800
f 845/864/800 439/845/786 87/849/790 453/866/802
f 451/865/801 845/864/800 453/866/802 148/867/803
f 148/867/803 453/866/802 846/868/804 454/869/805
f 453/866/802 87/849/790 443/851/792 846/868/804
f 846/870/804 443/855/792 85/38/38 455/37/37
f 454/871/805 846/870/804 455/37/37 146/36/36
f 131/302/300 456/382/379 847/872/806 434/834/778
f 456/382/379 94/381/378 317/656/635 847/872/806
f 847/873/806 317/663/635 100/664/640 457/874/807
f 434/836/778 847/873/806 457/874/807 133/837/779
f 133/837/779 457/874/807 848/875/808 437/843/784
f 457/874/807 100/664/640 325/672/646 848/875/808
f 848/875/808 325/672/646 96/282/280 458/281/279
f 437/843/784 848/875/808 458/281/279 132/280/278
f 140/290/288 459/357/354 849/876/809 441/846/787
f 459/357/354 73/361/358 312/645/626 849/876/809
f 849/876/809 312/645/626 75/636/619 460/877/810
f 441/846/787 849/876/809 460/877/810 142/847/788
f 142/847/788 460/877/810 850/878/811 444/852/793
f 460/877/810 75/636/619 309/635/616 850/878/811
f 850/879/811 309/632/616 72/47/47 461/46/46
f 444/854/793 850/879/811 461/46/46 141/45/45
f 82/232/231 462/231/230 851/880/812 404/786/742
f 462/231/230 149/139/138 463/881/813 851/880/812
f 851/880/812 463/881/813 151/882/814 464/883/815
f 404/786/742 851/880/812 464/883/815 84/787/743
f 84/787/743 464/883/815 852/884/816 407/792/748
f 464/883/815 151/882/814 465/885/817 852/884/816
f 852/886/816 465/887/817 150/18/18 466/298/296
f 407/794/748 852/886/816 466/298/296 83/297/295
f 153/133/132 468/136/135 853/888/818 467/889/819
f 468/136/135 147/141/140 451/865/801 853/888/818
f 853/888/818 451/865/801 148/867/803 469/890/820
f 467/889/819 853/888/818 469/890/820 154/891/821
f 154/891/821 469/890/820 854/892/822 470/893/823
f 469/890/820 148/867/803 454/869/805 854/892/822
f 854/894/822 454/871/805 146/36/36 471/387/383
f 470/895/823 854/894/822 471/387/383 152/132/131
f 156/228/227 473/240/239 855/896/824 472/897/825
f 473/240/239 111/244/243 395/773/732 855/896/824
f 855/896/824 395/773/732 112/777/736 474/898/826
f 472/897/825 855/896/824 474/898/826 157/899/827
f 157/899/827 474/898/826 856/900/828 475/901/829
f 474/898/826 112/777/736 399/779/738 856/900/828
f 856/902/828 399/783/738 110/331/329 476/330/328
f 475/903/829 856/902/828 476/330/328 155/316/314
f 159/340/338 478/339/337 857/904/830 477/905/831
f 478/339/337 144/181/180 446/857/795 857/904/830
f 857/906/830 446/860/795 145/861/797 479/907/832
f 477/908/831 857/906/830 479/907/832 160/909/833
f 160/909/833 479/907/832 858/910/834 480/911/835
f 479/907/832 145/861/797 449/863/799 858/910/834
f 858/910/834 449/863/799 143/242/241 481/241/240
f 480/911/835 858/910/834 481/241/240 158/226/225
f 125/220/219 482/223/222 859/912/836 415/805/756
f 482/223/222 156/228/227 472/897/825 859/912/836
f 859/912/836 472/897/825 157/899/827 483/913/837
f 415/805/756 859/912/836 483/913/837 127/806/757
f 127/806/757 483/913/837 860/914/838 417/809/760
f 483/913/837 157/899/827 475/901/829 860/914/838
f 860/915/838 475/903/829 155/316/314 484/315/313
f 417/811/760 860/915/838 484/315/313 126/273/271
f 128/326/324 485/343/341 861/916/839 427/822/769
f 485/343/341 159/340/338 477/905/831 861/916/839
f 861/917/839 477/908/831 160/909/833 486/918/840
f 427/824/769 861/917/839 486/918/840 130/825/770
f 130/825/770 486/918/840 862/919/841 430/831/775
f 486/918/840 160/909/833 480/911/835 862/919/841
f 862/919/841 480/911/835 158/226/225 487/225/224
f 430/831/775 862/919/841 487/225/224 129/224/223
f 149/139/138 488/138/137 863/920/842 463/881/813
f 488/138/137 123/137/136 409/797/750 863/920/842
f 863/920/842 409/797/750 124/799/752 489/921/843
f 463/881/813 863/920/842 489/921/843 151/882/814
f 151/882/814 489/921/843 864/922/844 465/885/817
f 489/921/843 124/799/752 412/801/754 864/922/844
f 864/923/844 412/803/754 122/20/20 490/19/19
f 465/887/817 864/923/844 490/19/19 150/18/18
f 135/62/61 492/144/143 865/924/845 491/925/846
f 492/144/143 153/133/132 467/889/819 865/924/845
f 865/924/845 467/889/819 154/891/821 493/926/847
f 491/925/846 865/924/845 493/926/847 136/927/848
f 136/927/848 493/926/847 866/928/849 494/929/850
f 493/926/847 154/891/821 470/893/823 866/928/849
f 866/930/849 470/895/823 152/132/131 495/131/130
f 494/931/850 866/930/849 495/131/130 134/130/129
f 162/199/198 497/352/350 867/932/851 496/933/852
f 497/352/350 164/267/265 498/934/853 867/932/851
f 867/935/851 498/936/853 166/937/854 499/938/855
f 496/939/852 867/935/851 499/938/855 163/940/856
f 163/940/856 499/938/855 868/941/857 500/942/858
f 499/938/855 166/937/854 501/943/859 868/941/857
f 868/941/857 501/943/859 165/75/74 502/384/380
f 500/942/858 868/941/857 502/384/380 161/64/63
f 164/267/265 503/266/264 869/944/860 498/934/853
f 503/266/264 138/265/263 425/821/768 869/944/860
f 869/945/860 425/827/768 139/828/772 504/946/861
f 498/936/853 869/945/860 504/946/861 166/937/854
f 166/937/854 504/946/861 870/947/862 501/943/859
f 504/946/861 139/828/772 429/830/774 870/947/862
f 870/947/862 429/830/774 137/77/76 505/76/75
f 501/943/859 870/947/862 505/76/75 165/75/74
f 134/130/129 506/200/199 871/948/863 494/931/850
f 506/200/199 162/199/198 496/933/852 871/948/863
f 871/949/863 496/939/852 163/940/856 507/950/864
f 494/929/850 871/949/863 507/950/864 136/927/848
f 136/927/848 507/950/864 872/951/865 491/925/846
f 507/950/864 163/940/856 500/942/858 872/951/865
f 872/951/865 500/942/858 161/64/63 508/63/62
f 491/925/846 872/951/865 508/63/62 135/62/61
f 50/78/77 509/81/80 873/952/866 302/618/605
f 509/81/80 102/21/21 378/745/711 873/952/866
f 873/952/866 378/745/711 103/749/715 510/953/867
f 302/618/605 873/952/866 510/953/867 54/621/608
f 54/621/608 510/953/867 874/954/868 304/630/612
f 510/953/867 103/749/715 382/751/717 874/954/868
f 874/955/868 382/755/717 101/394/390 511/393/389
f 304/625/612 874/955/868 511/393/389 51/392/388
f 183/417/413 513/415/411 875/956/869 512/957/870
f 513/415/411 167/396/392 514/958/871 875/956/869
f 875/956/869 514/958/871 169/959/872 515/960/873
f 512/957/870 875/956/869 515/960/873 184/961/874
f 184/961/874 515/960/873 876/962/875 516/963/876
f 515/960/873 169/959/872 517/964/877 876/962/875
f 876/965/875 517/966/877 168/348/346 518/251/249
f 516/967/876 876/965/875 518/251/249 182/250/248
f 189/433/429 520/465/461 877/968/878 519/969/879
f 520/465/461 183/417/413 512/957/870 877/968/878
f 877/968/878 512/957/870 184/961/874 521/970/880
f 519/969/879 877/968/878 521/970/880 190/971/881
f 190/971/881 521/970/880 878/972/882 522/973/883
f 521/970/880 184/961/874 516/963/876 878/972/882
f 878/974/882 516/967/876 182/250/248 523/450/446
f 522/975/883 878/974/882 523/450/446 188/421/417
f 171/7/7 525/6/6 879/976/884 524/977/885
f 525/6/6 179/5/5 526/978/886 879/976/884
f 879/976/884 526/978/886 181/979/887 527/980/888
f 524/977/885 879/976/884 527/980/888 172/981/889
f 172/981/889 527/980/888 880/982/890 528/983/891
f 527/980/888 181/979/887 529/984/892 880/982/890
f 880/985/890 529/986/892 180/523/519 530/522/518
f 528/987/891 880/985/890 530/522/518 170/448/444
f 213/150/149 532/410/406 881/988/893 531/587/581
f 532/410/406 173/414/410 533/989/894 881/988/893
f 881/988/893 533/989/894 175/990/895 534/991/896
f 531/587/581 881/988/893 534/991/896 214/588/582
f 214/588/582 534/991/896 882/992/897 535/591/585
f 534/991/896 175/990/895 536/993/898 882/992/897
f 882/994/897 536/995/898 174/475/471 537/474/470
f 535/602/585 882/994/897 537/474/470 212/585/579
f 192/469/465 539/468/464 883/996/899 538/997/900
f 539/468/464 185/435/431 540/998/901 883/996/899
f 883/996/899 540/998/901 187/999/902 541/1000/903
f 538/997/900 883/996/899 541/1000/903 193/1001/904
f 193/1001/904 541/1000/903 884/1002/905 542/1003/906
f 541/1000/903 187/999/902 543/1004/907 884/1002/905
f 884/1005/905 543/1006/907 186/446/442 544/445/441
f 542/1007/906 884/1005/905 544/445/441 191/454/450
f 185/435/431 545/434/430 885/1008/908 540/998/901
f 545/434/430 189/433/429 519/969/879 885/1008/908
f 885/1008/908 519/969/879 190/971/881 546/1009/909
f 540/998/901 885/1008/908 546/1009/909 187/999/902
f 187/999/902 546/1009/909 886/1010/910 543/1004/907
f 546/1009/909 190/971/881 522/973/883 886/1010/910
f 886/1011/910 522/975/883 188/421/417 547/420/416
f 543/1012/907 886/1011/910 547/420/416 186/1013/442
f 179/5/5 548/478/474 887/1014/911 526/978/886
f 548/478/474 192/469/465 538/997/900 887/1014/911
f 887/1014/911 538/997/900 193/1001/904 549/1015/912
f 526/978/886 887/1014/911 549/1015/912 181/979/887
f 181/979/887 549/1015/912 888/1016/913 529/984/892
f 549/1015/912 193/1001/904 542/1003/906 888/1016/913
f 888/1017/913 542/1007/906 191/454/450 550/453/449
f 529/986/892 888/1017/913 550/453/449 180/523/519
f 216/153/152 552/512/508 889/1018/914 551/614/500
f 552/512/508 176/407/403 553/1019/915 889/1018/914
f 889/1020/914 553/1021/915 178/1022/916 554/1023/917
f 551/504/500 889/1020/914 554/1023/917 217/505/501
f 217/505/501 554/1023/917 890/1024/918 555/596/590
f 554/1023/917 178/1022/916 556/1025/919 890/1024/918
f 890/1024/918 556/1025/919 177/462/458 557/461/457
f 555/596/590 890/1024/918 557/461/457 215/165/164
f 1170/541/537 559/551/547 891/1026/920 558/1027/921
f 559/551/547 1164/549/545 560/1028/922 891/1026/920
f 891/1026/920 560/1028/922 195/1029/923 561/1030/924
f 558/1027/921 891/1026/920 561/1030/924 231/1031/925
f 231/1031/925 561/1030/924 892/1032/926 562/1033/927
f 561/1030/924 195/1029/923 563/1034/928 892/1032/926
f 892/1032/926 563/1034/928 194/1035/452 564/1036/506
f 562/1033/927 892/1032/926 564/1036/506 230/1037/398
f 1169/563/559 1560/569/565 893/1038/929 565/1039/930
f 1560/569/565 1165/568/564 566/1040/931 893/1038/929
f 893/1038/929 566/1040/931 197/1041/932 567/1042/933
f 565/1039/930 893/1038/929 567/1042/933 229/1043/934
f 229/1043/934 567/1042/933 894/1044/935 568/1045/936
f 567/1042/933 197/1041/932 569/1046/937 894/1044/935
f 894/1044/935 569/1046/937 196/1047/408 570/1048/407
f 568/1045/936 894/1044/935 570/1048/407 228/1049/51
f 1171/579/573 1561/577/571 895/1050/938 571/1051/939
f 1561/577/571 198/535/531 572/1052/940 895/1050/938
f 895/1050/938 572/1052/940 200/1053/941 573/1054/942
f 571/1051/939 895/1050/938 573/1054/942 233/1055/943
f 233/1055/943 573/1054/942 896/1056/944 574/1057/945
f 573/1054/942 200/1053/941 575/1058/946 896/1056/944
f 896/1056/944 575/1058/946 199/1059/1 576/1060/420
f 574/1057/945 896/1056/944 576/1060/420 232/1061/419
f 210/1062/396 578/1063/459 897/1064/947 577/1065/948
f 578/1063/459 206/1066/425 579/1067/949 897/1064/947
f 897/1064/947 579/1067/949 208/1068/950 580/1069/951
f 577/1065/948 897/1064/947 580/1069/951 211/1070/952
f 211/1070/952 580/1069/951 898/1071/953 581/1072/954
f 580/1069/951 208/1068/950 582/1073/955 898/1071/953
f 898/1071/953 582/1073/955 207/526/522 1562/539/535
f 581/1072/954 898/1071/953 1562/539/535 209/538/534
f 206/1066/425 583/1074/428 899/1075/956 579/1067/949
f 583/1074/428 203/1076/433 584/1077/957 899/1075/956
f 899/1075/956 584/1077/957 205/1078/958 585/1079/959
f 579/1067/949 899/1075/956 585/1079/959 208/1068/950
f 208/1068/950 585/1079/959 900/1080/960 582/1073/955
f 585/1079/959 205/1078/958 586/1081/961 900/1080/960
f 900/1080/960 586/1081/961 204/529/525 1563/527/523
f 582/1073/955 900/1080/960 1563/527/523 207/526/522
f 203/1082/433 587/1083/463 901/1084/962 584/1085/957
f 587/1083/463 201/1086/467 588/1087/963 901/1084/962
f 901/1084/962 588/1087/963 202/1088/964 589/1089/965
f 584/1085/957 901/1084/962 589/1089/965 205/1090/958
f 205/1090/958 589/1089/965 902/1091/966 586/1092/961
f 589/1089/965 202/1088/964 590/1093/967 902/1091/966
f 902/1091/966 590/1093/967 1166/532/528 1564/573/567
f 586/1092/961 902/1091/966 1564/573/567 204/572/525
f 201/1086/467 591/1094/472 903/1095/968 588/1087/963
f 591/1094/472 199/1059/1 575/1058/946 903/1095/968
f 903/1095/968 575/1058/946 200/1053/941 592/1096/969
f 588/1087/963 903/1095/968 592/1096/969 202/1088/964
f 202/1088/964 592/1096/969 904/1097/970 590/1093/967
f 592/1096/969 200/1053/941 572/1052/940 904/1097/970
f 904/1097/970 572/1052/940 198/535/531 593/533/529
f 590/1093/967 904/1097/970 593/533/529 1166/532/528
f 1452/1098/971 1137/1099/972 1209/1100/973 1706/1101/974
f 1164/549/545 1565/547/543 905/1102/975 560/1028/922
f 1565/547/543 218/546/542 594/1103/976 905/1102/975
f 905/1102/975 594/1103/976 220/1104/977 595/1105/978
f 560/1028/922 905/1102/975 595/1105/978 195/1029/923
f 195/1029/923 595/1105/978 906/1106/979 563/1034/928
f 595/1105/978 220/1104/977 596/1107/980 906/1106/979
f 906/1106/979 596/1107/980 219/1108/456 597/1109/453
f 563/1034/928 906/1106/979 597/1109/453 194/1035/452
f 218/546/542 598/555/551 907/1110/981 594/1103/976
f 598/555/551 221/554/550 599/1111/982 907/1110/981
f 907/1110/981 599/1111/982 223/1112/983 600/1113/984
f 594/1103/976 907/1110/981 600/1113/984 220/1104/977
f 220/1104/977 600/1113/984 908/1114/985 596/1107/980
f 600/1113/984 223/1112/983 601/1115/986 908/1114/985
f 908/1114/985 601/1115/986 222/1116/479 602/1117/481
f 596/1107/980 908/1114/985 602/1117/481 219/1108/456
f 221/554/550 603/575/569 909/1118/987 599/1111/982
f 603/575/569 1167/561/557 604/1119/988 909/1118/987
f 909/1118/987 604/1119/988 225/1120/989 605/1121/990
f 599/1111/982 909/1118/987 605/1121/990 223/1112/983
f 223/1112/983 605/1121/990 910/1122/991 601/1115/986
f 605/1121/990 225/1120/989 606/1123/992 910/1122/991
f 910/1122/991 606/1123/992 224/1124/54 607/1125/163
f 601/1115/986 910/1122/991 607/1125/163 222/1116/479
f 1167/561/557 608/559/555 911/1126/993 604/1119/988
f 608/559/555 1168/558/554 609/1127/994 911/1126/993
f 911/1126/993 609/1127/994 227/1128/995 610/1129/996
f 604/1119/988 911/1126/993 610/1129/996 225/1120/989
f 225/1120/989 610/1129/996 912/1130/997 606/1123/992
f 610/1129/996 227/1128/995 611/1131/998 912/1130/997
f 912/1130/997 611/1131/998 226/1132/360 612/1133/55
f 606/1123/992 912/1130/997 612/1133/55 224/1124/54
f 1168/558/554 1566/564/560 913/1134/999 609/1127/994
f 1566/564/560 1169/563/559 565/1039/930 913/1134/999
f 913/1134/999 565/1039/930 229/1043/934 613/1135/1000
f 609/1127/994 913/1134/999 613/1135/1000 227/1128/995
f 227/1128/995 613/1135/1000 914/1136/1001 611/1131/998
f 613/1135/1000 229/1043/934 568/1045/936 914/1136/1001
f 914/1136/1001 568/1045/936 228/1049/51 614/1137/50
f 611/1131/998 914/1136/1001 614/1137/50 226/1132/360
f 209/538/534 615/542/538 915/1138/1002 581/1072/954
f 615/542/538 1170/541/537 558/1027/921 915/1138/1002
f 915/1138/1002 558/1027/921 231/1031/925 616/1139/1003
f 581/1072/954 915/1138/1002 616/1139/1003 211/1070/952
f 211/1070/952 616/1139/1003 916/1140/1004 577/1065/948
f 616/1139/1003 231/1031/925 562/1033/927 916/1140/1004
f 916/1140/1004 562/1033/927 230/1037/398 617/1141/397
f 577/1065/948 916/1140/1004 617/1141/397 210/1062/396
f 1165/568/564 618/581/575 917/1142/1005 566/1040/931
f 618/581/575 1171/579/573 571/1051/939 917/1142/1005
f 917/1142/1005 571/1051/939 233/1055/943 619/1143/1006
f 566/1040/931 917/1142/1005 619/1143/1006 197/1041/932
f 197/1041/932 619/1143/1006 918/1144/1007 569/1046/937
f 619/1143/1006 233/1055/943 574/1057/945 918/1144/1007
f 918/1144/1007 574/1057/945 232/1061/419 620/1145/475
f 569/1046/937 918/1144/1007 620/1145/475 196/1047/408
f 235/428/424 622/427/423 919/1146/1008 621/1147/1009
f 622/427/423 171/7/7 524/977/885 919/1146/1008
f 919/1146/1008 524/977/885 172/981/889 623/1148/1010
f 621/1147/1009 919/1146/1008 623/1148/1010 236/1149/1011
f 236/1149/1011 623/1148/1010 920/1150/1012 624/1151/1013
f 623/1148/1010 172/981/889 528/983/891 920/1150/1012
f 920/1152/1012 528/987/891 170/448/444 625/442/438
f 624/1153/1013 920/1152/1012 625/442/438 234/441/437
f 238/404/400 627/509/505 921/1154/1014 626/1155/1015
f 627/509/505 177/462/458 556/1025/919 921/1154/1014
f 921/1154/1014 556/1025/919 178/1022/916 628/1156/1016
f 626/1155/1015 921/1154/1014 628/1156/1016 239/1157/1017
f 239/1157/1017 628/1156/1016 922/1158/1018 629/1159/1019
f 628/1156/1016 178/1022/916 553/1021/915 922/1158/1018
f 922/1160/1018 553/1019/915 176/407/403 630/406/402
f 629/1161/1019 922/1160/1018 630/406/402 237/517/513
f 173/414/410 631/481/477 923/1162/1020 533/989/894
f 631/481/477 235/428/424 621/1147/1009 923/1162/1020
f 923/1162/1020 621/1147/1009 236/1149/1011 632/1163/1021
f 533/989/894 923/1162/1020 632/1163/1021 175/990/895
f 175/990/895 632/1163/1021 924/1164/1022 536/993/898
f 632/1163/1021 236/1149/1011 624/1151/1013 924/1164/1022
f 924/1165/1022 624/1153/1013 234/441/437 633/513/509
f 536/995/898 924/1165/1022 633/513/509 174/475/471
f 167/396/392 634/399/395 925/1166/1023 514/958/871
f 634/399/395 238/404/400 626/1155/1015 925/1166/1023
f 925/1166/1023 626/1155/1015 239/1157/1017 635/1167/1024
f 514/958/871 925/1166/1023 635/1167/1024 169/959/872
f 169/959/872 635/1167/1024 926/1168/1025 517/964/877
f 635/1167/1024 239/1157/1017 629/1159/1019 926/1168/1025
f 926/1169/1025 629/1161/1019 237/517/513 636/516/512
f 517/966/877 926/1169/1025 636/516/512 168/348/346
f 1945/151/150 307/154/153 55/626/613 1880/1170/1026
f 1946/1171/1027 305/623/610 51/392/388 1881/1172/1028
f 1882/502/498 44/486/482 293/605/596 1947/1173/1029
f 1947/1173/1029 293/605/596 47/598/592 1883/1174/1030
f 1884/169/168 42/172/171 329/680/654 1949/1175/1031
f 1949/1175/1031 329/680/654 43/677/651 1885/1176/1032
f 1950/1177/1033 327/676/650 41/379/376 1886/1178/1034
f 1887/254/252 39/39/39 358/712/684 1951/1179/1035
f 1951/1179/1035 358/712/684 40/714/686 1888/1180/1036
f 1952/1181/1037 361/716/688 38/718/690 1889/1182/1038
f 1/257/255 643/1183/1039 927/1184/1040 642/258/256
f 643/1183/1039 38/718/690 362/717/689 927/1184/1040
f 927/1184/1040 362/717/689 74/648/629 374/739/706
f 642/258/256 927/1184/1040 374/739/706 80/259/257
f 1862/1185/1041 1903/1186/1042 251/117/116 2/116/115
f 40/714/686 361/716/688 1952/1181/1037 1888/1180/1036
f 43/677/651 327/676/650 1950/1177/1033 1885/1176/1032
f 47/598/592 291/584/578 1948/583/577 1883/1174/1030
f 55/626/613 305/623/610 1946/1171/1027 1880/1170/1026
f 272/350/348 1944/520/516 1877/207/206 25/210/209
f 170/448/444 530/522/518 1943/521/517 1893/449/445
f 168/348/346 636/516/512 1942/515/511 1890/349/347
f 552/512/508 1940/511/507 1899/408/404 176/407/403
f 650/487/483 1939/503/499 1863/8/8 4/11/11
f 537/474/470 1938/473/469 1898/586/580 212/585/579
f 180/523/519 550/453/449 1936/452/448 1895/524/520
f 191/454/450 544/445/441 1934/444/440 1900/455/451
f 186/1013/442 547/420/416 1933/419/415 1902/1187/443
f 237/517/513 630/406/402 1932/405/401 1892/518/514
f 261/353/351 1931/1188/1043 1856/1189/1044 11/30/30
f 15/43/43 1857/1190/1045 1931/1188/1043 261/353/351
f 260/299/297 1930/1191/1046 1859/107/106 16/106/105
f 12/177/176 1858/1192/1047 1930/1191/1046 260/299/297
f 15/43/43 644/40/40 1928/253/251 1857/1190/1045
f 259/237/236 1927/236/235 1854/1193/1048 14/324/322
f 273/209/208 1926/208/207 1878/235/234 26/238/237
f 270/13/13 1925/206/205 1871/182/181 17/16/16
f 265/385/381 1924/1194/1049 1861/1195/1050 24/124/123
f 18/34/34 1860/1196/1051 1924/1194/1049 265/385/381
f 267/203/202 1923/202/201 1872/185/184 20/173/172
f 268/193/192 1922/192/191 1867/92/91 8/95/94
f 266/189/188 1921/188/187 1874/191/190 21/194/193
f 262/174/173 1920/186/185 1858/1192/1047 12/177/176
f 264/184/183 1919/183/182 1865/84/83 6/87/86
f 263/31/31 1918/1197/1052 1860/1196/1051 18/34/34
f 11/30/30 1856/1189/1044 1918/1197/1052 263/31/31
f 648/171/170 1917/170/169 1862/1185/1041 2/116/115
f 269/341/339 1916/1198/1053 1875/201/200 22/204/203
f 14/324/322 1854/1193/1048 1916/1198/1053 269/341/339
f 643/1183/1039 1915/1199/1054 1889/1182/1038 38/718/690
f 1/257/255 1853/1200/1055 1915/1199/1054 643/1183/1039
f 271/125/124 1914/1201/1056 1855/1202/1057 13/128/127
f 24/124/123 1861/1195/1050 1914/1201/1056 271/125/124
f 274/195/194 1913/1203/1058 1879/519/515 27/197/196
f 13/128/127 1855/1202/1057 1913/1203/1058 274/195/194
f 257/114/113 1912/113/112 1866/88/87 5/91/90
f 258/110/109 1911/109/108 1853/1200/1055 1/257/255
f 41/379/376 647/105/104 1910/104/103 1886/1178/1034
f 255/97/96 1909/103/102 1876/205/204 23/12/12
f 256/94/93 1908/93/92 1864/65/64 3/68/67
f 253/90/89 1907/89/88 1873/187/186 19/190/189
f 254/86/85 1906/85/84 1869/108/107 10/111/110
f 654/67/66 1905/66/65 1881/1172/1028 51/392/388
f 252/10/10 1904/9/9 1868/102/101 7/96/95
f 251/117/116 1903/1186/1042 1870/112/111 9/115/114
f 1125/1204/1059 1627/1205/1060 1637/1206/1061 1628/1207/1062
f 1106/1208/1063 1628/1207/1062 1637/1206/1061 1446/1209/1064
f 1098/1210/1065 1446/1209/1064 1637/1206/1061 1627/1205/1060
f 1863/8/8 931/1211/1066 1173/1212/1067 1904/9/9
f 950/1213/1068 1606/1214/1069 1638/1215/1070 1191/1216/1071
f 1191/1216/1071 1638/1215/1070 1595/1217/1072 944/1218/1073
f 1638/1215/1070 1411/1219/1074 1077/1220/1075 1595/1217/1072
f 1606/1214/1069 1049/1221/1076 1411/1219/1074 1638/1215/1070
f 1029/1222/1077 1300/1223/1078 1639/1224/1079 1581/1225/1080
f 1581/1225/1080 1639/1224/1079 1198/1226/1081 956/1227/1082
f 1639/1224/1079 1602/1228/1083 959/1229/1084 1198/1226/1081
f 1300/1223/1078 1031/1230/1085 1602/1228/1083 1639/1224/1079
f 938/1231/1086 1596/1232/1087 1640/1233/1088 1184/1234/1089
f 1184/1234/1089 1640/1233/1088 1597/1235/1090 945/1236/1091
f 1640/1233/1088 1376/1237/1092 1073/1238/1093 1597/1235/1090
f 1596/1232/1087 1012/1239/1094 1376/1237/1092 1640/1233/1088
f 966/1240/1095 1280/1241/1096 1641/1242/1097 1569/1243/1098
f 1569/1243/1098 1641/1242/1097 1570/1244/1099 942/1245/1100
f 1641/1242/1097 1382/1246/1101 1068/1247/1102 1570/1244/1099
f 1280/1241/1096 999/1248/1103 1382/1246/1101 1641/1242/1097
f 1261/1249/1104 1152/1250/1105 1537/1251/1106 1735/1252/1107
f 1731/1253/1108 1535/1254/1109 1148/1255/1110 1274/1256/1111
f 963/1257/1112 1621/1258/1113 1642/1259/1114 1207/1260/1112
f 1207/1260/1112 1642/1259/1114 1599/1261/1115 960/1262/1116
f 1642/1259/1114 1429/1263/1117 1062/1264/1118 1599/1261/1115
f 1621/1258/1113 1088/1265/1119 1429/1263/1117 1642/1259/1114
f 1864/65/64 930/1266/1120 1579/1267/1121 1905/66/65
f 958/1268/1122 1616/1269/1123 1643/1270/1124 1204/1271/1125
f 1204/1271/1125 1643/1270/1124 1623/1272/1126 964/1273/1127
f 1643/1270/1124 1426/1274/1128 1092/1275/1129 1623/1272/1126
f 1616/1269/1123 1064/1276/1130 1426/1274/1128 1643/1270/1124
f 977/1277/1131 1430/1278/1132 1644/1279/1133 1262/1280/1134
f 1262/1280/1134 1644/1279/1133 1580/1281/1135 985/1282/1136
f 1644/1279/1133 1581/1225/1080 956/1227/1082 1580/1281/1135
f 1430/1278/1132 1029/1222/1077 1581/1225/1080 1644/1279/1133
f 1865/84/83 933/1283/1137 1175/1284/1138 1906/85/84
f 1866/88/87 932/1285/1139 1174/1286/1140 1907/89/88
f 1867/92/91 935/1287/1141 1177/1288/1142 1908/93/92
f 934/1289/1143 1601/1290/1144 1645/1291/1145 1176/1292/1146
f 1176/1292/1146 1645/1291/1145 1606/1214/1069 950/1213/1068
f 1645/1291/1145 1334/1293/1147 1049/1221/1076 1606/1214/1069
f 1601/1290/1144 1034/1294/1148 1334/1293/1147 1645/1291/1145
f 1868/102/101 934/1289/1143 1176/1292/1146 1909/103/102
f 1910/104/103 1859/107/106 943/1295/1149 1572/1296/1150
f 1869/108/107 937/1297/1151 1179/1298/1152 1911/109/108
f 1870/112/111 936/1299/1153 1178/1300/1154 1912/113/112
f 929/1301/1155 1574/1302/1156 1646/1303/1157 1172/1304/1158
f 1172/1304/1158 1646/1303/1157 1586/1305/1159 936/1299/1153
f 1646/1303/1157 1290/1306/1160 993/1307/1161 1586/1305/1159
f 1574/1302/1156 997/1308/1162 1290/1306/1160 1646/1303/1157
f 951/1309/1163 1620/1310/1164 1647/1311/1165 1192/1312/1166
f 1192/1312/1166 1647/1311/1165 1618/1313/1167 940/1314/1168
f 1647/1311/1165 1416/1315/1169 1061/1316/1170 1618/1313/1167
f 1620/1310/1164 1079/1317/1171 1416/1315/1169 1647/1311/1165
f 1080/1318/1172 1389/1319/1173 1648/1320/1174 1607/1321/1175
f 1607/1321/1175 1648/1320/1174 1409/1322/1176 1050/1323/1177
f 1648/1320/1174 1593/1324/1178 1076/1325/1179 1409/1322/1176
f 1389/1319/1173 1074/1326/1180 1593/1324/1178 1648/1320/1174
f 1062/1264/1118 1413/1327/1181 1649/1328/1182 1600/1329/1183
f 1600/1329/1183 1649/1328/1182 1331/1330/1184 1035/1331/1185
f 1649/1328/1182 1607/1321/1175 1050/1323/1177 1331/1330/1184
f 1413/1327/1181 1080/1318/1172 1607/1321/1175 1649/1328/1182
f 1209/1100/973 1137/1099/972 1631/1332/1186 1725/1333/1187
f 1228/1334/1188 1140/1335/1189 1896/152/151 1945/151/150
f 957/1336/1190 1199/1337/1191 1650/1338/1192 1578/1339/1193
f 1578/1339/1193 1650/1338/1192 1313/1340/1194 1016/1341/1195
f 1650/1338/1192 1598/1342/1196 1018/1343/1197 1313/1340/1194
f 1199/1337/1191 960/1262/1116 1598/1342/1196 1650/1338/1192
f 1274/1256/1111 1148/1255/1110 1530/1344/1198 1733/1345/1199
f 1727/499/495 1630/498/494 1139/1346/1200 1219/1347/1201
f 1884/169/168 969/1348/1202 1573/1349/1203 1917/170/169
f 947/1350/1204 1613/1351/1205 1651/1352/1206 1183/1353/1207
f 1183/1353/1207 1651/1352/1206 1612/1354/1208 939/1355/1209
f 1651/1352/1206 1368/1356/1210 1047/1357/1211 1612/1354/1208
f 1613/1351/1205 1071/1358/1212 1368/1356/1210 1651/1352/1206
f 1871/182/181 944/1218/1073 1185/1359/1213 1919/183/182
f 1872/185/184 947/1350/1204 1183/1353/1207 1920/186/185
f 1873/187/186 946/1360/1214 1187/1361/1215 1921/188/187
f 1874/191/190 948/1362/1216 1189/1363/1217 1922/192/191
f 940/1314/1168 1618/1313/1167 1652/1364/1218 1195/1365/1219
f 1195/1365/1219 1652/1364/1218 1619/1366/1220 954/1367/1221
f 1652/1364/1218 1427/1368/1222 1089/1369/1223 1619/1366/1220
f 1618/1313/1167 1061/1316/1170 1427/1368/1222 1652/1364/1218
f 1875/201/200 949/1370/1224 1188/1371/1225 1923/202/201
f 1876/205/204 950/1213/1068 1191/1216/1071 1925/206/205
f 1877/207/206 952/1372/1226 1194/1373/1227 1926/208/207
f 987/1374/1228 1585/1375/1229 1653/1376/1230 1270/1377/1231
f 1270/1377/1231 1653/1376/1230 1583/1378/1232 991/1379/1233
f 1653/1376/1230 1200/1380/1234 961/1381/1235 1583/1378/1232
f 1585/1375/1229 962/1382/1236 1200/1380/1234 1653/1376/1230
f 1052/1383/1237 1403/1384/1238 1654/1385/1239 1604/1386/1240
f 1604/1386/1240 1654/1385/1239 1408/1387/1241 1056/1388/1242
f 1654/1385/1239 1610/1389/1243 1085/1390/1244 1408/1387/1241
f 1403/1384/1238 1083/1391/1245 1610/1389/1243 1654/1385/1239
f 1074/1326/1180 1373/1392/1246 1655/1393/1247 1593/1324/1178
f 1593/1324/1178 1655/1393/1247 1383/1394/1248 1076/1325/1179
f 1655/1393/1247 1594/1395/1249 1009/1396/1250 1383/1394/1248
f 1373/1392/1246 1013/1397/1251 1594/1395/1249 1655/1393/1247
f 1878/235/234 953/1398/1252 1180/1399/1253 1927/236/235
f 1083/1391/1245 1394/1400/1254 1656/1401/1255 1610/1389/1243
f 1610/1389/1243 1656/1401/1255 1402/1402/1256 1085/1390/1244
f 1656/1401/1255 1611/1403/1257 1070/1404/1258 1402/1402/1256
f 1394/1400/1254 1038/1405/1259 1611/1403/1257 1656/1401/1255
f 959/1229/1084 1603/1406/1260 1657/1407/1261 1197/1408/1122
f 1197/1408/1122 1657/1407/1261 1616/1269/1123 958/1268/1122
f 1657/1407/1261 1352/1409/1262 1064/1276/1130 1616/1269/1123
f 1603/1406/1260 1056/1388/1242 1352/1409/1262 1657/1407/1261
f 1891/249/247 1929/252/250 1439/1410/1263 1109/1411/1264
f 1928/253/251 1887/254/252 966/1240/1095 1569/1243/1098
f 937/1297/1151 1591/1412/1265 1658/1413/1266 1179/1298/1152
f 1179/1298/1152 1658/1413/1266 1567/1414/1267 928/1415/1268
f 1658/1413/1266 1345/1416/1269 1007/1417/1270 1567/1414/1267
f 1591/1412/1265 1043/1418/1271 1345/1416/1269 1658/1413/1266
f 952/1372/1226 1622/1419/1272 1659/1420/1273 1194/1373/1227
f 1194/1373/1227 1659/1420/1273 1614/1421/1274 953/1398/1252
f 1659/1420/1273 1424/1422/1275 1065/1423/1276 1614/1421/1274
f 1622/1419/1272 1091/1424/1277 1424/1422/1275 1659/1420/1273
f 935/1287/1141 1605/1425/1278 1660/1426/1279 1177/1288/1142
f 1177/1288/1142 1660/1426/1279 1582/1427/1280 930/1266/1120
f 1660/1426/1279 1339/1428/1281 1032/1429/1282 1582/1427/1280
f 1605/1425/1278 1053/1430/1283 1339/1428/1281 1660/1426/1279
f 960/1262/1116 1599/1261/1115 1661/1431/1284 1598/1342/1196
f 1598/1342/1196 1661/1431/1284 1307/1432/1285 1018/1343/1197
f 1661/1431/1284 1600/1329/1183 1035/1331/1185 1307/1432/1285
f 1599/1261/1115 1062/1264/1118 1600/1329/1183 1661/1431/1284
f 994/1433/1286 1285/1434/1287 1662/1435/1288 1588/1436/1289
f 1588/1436/1289 1662/1435/1288 1379/1437/1290 1059/1438/1291
f 1662/1435/1288 1296/1439/1292 1023/1440/1293 1379/1437/1290
f 1285/1434/1287 996/1441/1294 1296/1439/1292 1662/1435/1288
f 1013/1397/1251 1361/1442/1295 1663/1443/1296 1594/1395/1249
f 1594/1395/1249 1663/1443/1296 1324/1444/1297 1009/1396/1250
f 1663/1443/1296 1590/1445/1298 1044/1446/1299 1324/1444/1297
f 1361/1442/1295 1067/1447/1300 1590/1445/1298 1663/1443/1296
f 931/1211/1066 1576/1448/1301 1664/1449/1302 1173/1212/1067
f 1173/1212/1067 1664/1449/1302 1601/1290/1144 934/1289/1143
f 1664/1449/1302 1312/1450/1303 1034/1294/1148 1601/1290/1144
f 1576/1448/1301 1019/1451/1304 1312/1450/1303 1664/1449/1302
f 944/1218/1073 1595/1217/1072 1665/1452/1305 1185/1359/1213
f 1185/1359/1213 1665/1452/1305 1592/1453/1306 933/1283/1137
f 1665/1452/1305 1387/1454/1307 1010/1455/1308 1592/1453/1306
f 1595/1217/1072 1077/1220/1075 1387/1454/1307 1665/1452/1305
f 939/1355/1209 1612/1354/1208 1666/1456/1309 1181/1457/1310
f 1181/1457/1310 1666/1456/1309 1571/1458/1311 943/1295/1149
f 1666/1456/1309 1354/1459/1312 1058/1460/1313 1571/1458/1311
f 1612/1354/1208 1047/1357/1211 1354/1459/1312 1666/1456/1309
f 1031/1230/1085 1335/1461/1314 1667/1462/1315 1602/1228/1083
f 1602/1228/1083 1667/1462/1315 1603/1406/1260 959/1229/1084
f 1667/1462/1315 1604/1386/1240 1056/1388/1242 1603/1406/1260
f 1335/1461/1314 1052/1383/1237 1604/1386/1240 1667/1462/1315
f 961/1381/1235 1208/1463/1316 1668/1464/1317 1206/1465/1318
f 1206/1465/1318 1668/1464/1317 1199/1337/1191 957/1336/1190
f 1668/1464/1317 1207/1260/1112 960/1262/1116 1199/1337/1191
f 1208/1463/1316 963/1257/1112 1207/1260/1112 1668/1464/1317
f 936/1299/1153 1586/1305/1159 1669/1466/1319 1178/1300/1154
f 1178/1300/1154 1669/1466/1319 1589/1467/1320 932/1285/1139
f 1669/1466/1319 1342/1468/1321 1041/1469/1322 1589/1467/1320
f 1586/1305/1159 993/1307/1161 1342/1468/1321 1669/1466/1319
f 948/1362/1216 1609/1470/1323 1670/1471/1324 1189/1363/1217
f 1189/1363/1217 1670/1471/1324 1605/1425/1278 935/1287/1141
f 1670/1471/1324 1405/1472/1325 1053/1430/1283 1605/1425/1278
f 1609/1470/1323 1082/1473/1326 1405/1472/1325 1670/1471/1324
f 1038/1405/1259 1317/1474/1327 1671/1475/1328 1611/1403/1257
f 1611/1403/1257 1671/1475/1328 1371/1476/1329 1070/1404/1258
f 1671/1475/1328 1587/1477/1330 1046/1478/1331 1371/1476/1329
f 1317/1474/1327 1040/1479/1332 1587/1477/1330 1671/1475/1328
f 953/1398/1252 1614/1421/1274 1672/1480/1333 1180/1399/1253
f 1180/1399/1253 1672/1480/1333 1615/1481/1334 941/1482/1335
f 1672/1480/1333 1347/1483/1336 1055/1484/1337 1615/1481/1334
f 1614/1421/1274 1065/1423/1276 1347/1483/1336 1672/1480/1333
f 946/1360/1214 1608/1485/1338 1673/1486/1339 1187/1361/1215
f 1187/1361/1215 1673/1486/1339 1609/1470/1323 948/1362/1216
f 1673/1486/1339 1397/1487/1340 1082/1473/1326 1609/1470/1323
f 1608/1485/1338 1037/1488/1341 1397/1487/1340 1673/1486/1339
f 955/1489/1342 1205/1490/1343 1674/1491/1344 1203/1492/1345
f 1203/1492/1345 1674/1491/1344 1202/1493/1346 962/1382/1236
f 1674/1491/1344 1204/1271/1125 964/1273/1127 1202/1493/1346
f 1205/1490/1343 958/1268/1122 1204/1271/1125 1674/1491/1344
f 949/1370/1224 1617/1494/1347 1675/1495/1348 1188/1371/1225
f 1188/1371/1225 1675/1495/1348 1613/1351/1205 947/1350/1204
f 1675/1495/1348 1399/1496/1349 1071/1358/1212 1613/1351/1205
f 1617/1494/1347 1086/1497/1350 1399/1496/1349 1675/1495/1348
f 941/1482/1335 1615/1481/1334 1676/1498/1351 1190/1499/1352
f 1190/1499/1352 1676/1498/1351 1617/1494/1347 949/1370/1224
f 1676/1498/1351 1406/1500/1353 1086/1497/1350 1617/1494/1347
f 1615/1481/1334 1055/1484/1337 1406/1500/1353 1676/1498/1351
f 956/1227/1082 1198/1226/1081 1677/1501/1354 1196/1502/1355
f 1196/1502/1355 1677/1501/1354 1205/1490/1343 955/1489/1342
f 1677/1501/1354 1197/1408/1122 958/1268/1122 1205/1490/1343
f 1198/1226/1081 959/1229/1084 1197/1408/1122 1677/1501/1354
f 962/1382/1236 1202/1493/1346 1678/1503/1356 1200/1380/1234
f 1200/1380/1234 1678/1503/1356 1208/1463/1316 961/1381/1235
f 1678/1503/1356 1201/1504/1357 963/1257/1112 1208/1463/1316
f 1202/1493/1346 964/1273/1127 1201/1504/1357 1678/1503/1356
f 1929/252/250 1890/349/347 1095/1505/1358 1439/1410/1263
f 954/1367/1221 1619/1366/1220 1679/1506/1359 1193/1507/1360
f 1193/1507/1360 1679/1506/1359 1622/1419/1272 952/1372/1226
f 1679/1506/1359 1418/1508/1361 1091/1424/1277 1622/1419/1272
f 1619/1366/1220 1089/1369/1223 1418/1508/1361 1679/1506/1359
f 942/1245/1100 1570/1244/1099 1680/1509/1362 1182/1510/1363
f 1182/1510/1363 1680/1509/1362 1596/1232/1087 938/1231/1086
f 1680/1509/1362 1366/1511/1364 1012/1239/1094 1596/1232/1087
f 1570/1244/1099 1068/1247/1102 1366/1511/1364 1680/1509/1362
f 1067/1447/1300 1380/1512/1365 1681/1513/1124 1590/1445/1298
f 1590/1445/1298 1681/1513/1124 1343/1514/1366 1044/1446/1299
f 1681/1513/1124 1291/1515/1367 1006/1516/1368 1343/1514/1366
f 1380/1512/1365 1000/1517/1369 1291/1515/1367 1681/1513/1124
f 1735/1252/1107 1537/1251/1106 1150/1518/1370 1273/1519/1371
f 1273/1519/1371 1150/1518/1370 1535/1254/1109 1731/1253/1108
f 933/1283/1137 1592/1453/1306 1682/1520/1372 1175/1284/1138
f 1175/1284/1138 1682/1520/1372 1591/1412/1265 937/1297/1151
f 1682/1520/1372 1329/1521/1373 1043/1418/1271 1591/1412/1265
f 1592/1453/1306 1010/1455/1308 1329/1521/1373 1682/1520/1372
f 983/1522/1374 1577/1523/1375 1683/1524/1376 1258/1525/1377
f 1258/1525/1377 1683/1524/1376 1268/1526/1378 972/1527/1379
f 1683/1524/1376 1578/1339/1193 1016/1341/1195 1268/1526/1378
f 1577/1523/1375 957/1336/1190 1578/1339/1193 1683/1524/1376
f 932/1285/1139 1589/1467/1320 1684/1528/1380 1174/1286/1140
f 1174/1286/1140 1684/1528/1380 1608/1485/1338 946/1360/1214
f 1684/1528/1380 1322/1529/1381 1037/1488/1341 1608/1485/1338
f 1589/1467/1320 1041/1469/1322 1322/1529/1381 1684/1528/1380
f 969/1348/1202 1251/1530/1382 1685/1531/1383 1573/1349/1203
f 1573/1349/1203 1685/1531/1383 1574/1302/1156 929/1301/1155
f 1685/1531/1383 1298/1532/1384 997/1308/1162 1574/1302/1156
f 1251/1530/1382 1022/1533/1385 1298/1532/1384 1685/1531/1383
f 943/1295/1149 1571/1458/1311 1686/1534/1386 1572/1296/1150
f 1572/1296/1150 1686/1534/1386 1247/1535/1387 968/1536/1388
f 1686/1534/1386 1377/1537/1389 1021/1538/1390 1247/1535/1387
f 1571/1458/1311 1058/1460/1313 1377/1537/1389 1686/1534/1386
f 964/1273/1127 1623/1272/1126 1687/1539/1288 1201/1504/1357
f 1201/1504/1357 1687/1539/1288 1621/1258/1113 963/1257/1112
f 1687/1539/1288 1423/1540/1391 1088/1265/1119 1621/1258/1113
f 1623/1272/1126 1092/1275/1129 1423/1540/1391 1687/1539/1288
f 945/1236/1091 1597/1235/1090 1688/1541/1392 1186/1542/1393
f 1186/1542/1393 1688/1541/1392 1620/1310/1164 951/1309/1163
f 1688/1541/1392 1392/1543/1394 1079/1317/1171 1620/1310/1164
f 1597/1235/1090 1073/1238/1093 1392/1543/1394 1688/1541/1392
f 1040/1479/1332 1340/1544/1395 1689/1545/1396 1587/1477/1330
f 1587/1477/1330 1689/1545/1396 1359/1546/1397 1046/1478/1331
f 1689/1545/1396 1588/1436/1289 1059/1438/1291 1359/1546/1397
f 1340/1544/1395 994/1433/1286 1588/1436/1289 1689/1545/1396
f 930/1266/1120 1582/1427/1280 1690/1547/1398 1579/1267/1121
f 1579/1267/1121 1690/1547/1398 1432/1548/1399 978/1549/1400
f 1690/1547/1398 1305/1550/1401 1028/1551/1402 1432/1548/1399
f 1582/1427/1280 1032/1429/1282 1305/1550/1401 1690/1547/1398
f 1094/1552/1403 1557/1553/1404 1691/1554/1405 1624/1555/1406
f 1624/1555/1406 1691/1554/1405 1540/1556/1407 1134/1557/1408
f 1691/1554/1405 1626/1558/1409 1154/1559/1410 1540/1556/1407
f 1557/1553/1404 1162/1560/1411 1626/1558/1409 1691/1554/1405
f 1932/405/401 1899/408/404 1103/1561/1412 1553/1562/1413
f 1137/1099/972 1453/1563/1414 1692/1564/1415 1631/1332/1186
f 1631/1332/1186 1692/1564/1415 1492/1565/1416 1152/1250/1105
f 1692/1564/1415 1632/1566/1417 1123/1567/1418 1492/1565/1416
f 1453/1563/1414 1100/1568/1419 1632/1566/1417 1692/1564/1415
f 1094/1552/1403 1624/1555/1406 1693/1569/1420 1434/1570/1421
f 1110/1571/1422 1434/1570/1421 1693/1569/1420 1625/1572/1423
f 1134/1557/1408 1625/1572/1423 1693/1569/1420 1624/1555/1406
f 1933/419/415 1901/422/418 1115/1573/1424 1468/1574/1425
f 1156/1575/1426 1629/1576/1427 1694/1577/1428 1498/1578/1429
f 1498/1578/1429 1694/1577/1428 1627/1205/1060 1125/1204/1059
f 1694/1577/1428 1545/1579/1430 1098/1210/1065 1627/1205/1060
f 1629/1576/1427 1159/1580/1431 1545/1579/1430 1694/1577/1428
f 1131/1581/1432 1505/1582/1433 1695/1583/1434 1635/1584/1435
f 1635/1584/1435 1695/1583/1434 1466/1585/1436 1116/1586/1437
f 1695/1583/1434 1636/1587/1438 1112/1588/1439 1466/1585/1436
f 1505/1582/1433 1129/1589/1440 1636/1587/1438 1695/1583/1434
f 991/1379/1233 1583/1378/1232 1696/1590/1441 1277/1591/1442
f 1277/1591/1442 1696/1590/1441 1577/1523/1375 983/1522/1374
f 1696/1590/1441 1206/1465/1318 957/1336/1190 1577/1523/1375
f 1583/1378/1232 961/1381/1235 1206/1465/1318 1696/1590/1441
f 1894/440/436 1935/443/439 1548/1592/1443 1158/1593/1444
f 1934/444/440 1902/447/443 1113/1594/1445 1465/1595/1446
f 1935/443/439 1893/449/445 1097/1596/1447 1548/1592/1443
f 1901/422/418 1937/451/447 1444/1597/1448 1115/1573/1424
f 1936/452/448 1900/455/451 1118/1598/1449 1471/1599/1450
f 1121/1600/1451 1633/1601/1452 1697/1602/1453 1521/1603/1454
f 1521/1603/1454 1697/1602/1453 1630/498/494 1143/497/493
f 1697/1602/1453 1478/1604/1455 1139/1346/1200 1630/498/494
f 1633/1601/1452 1104/1605/1456 1478/1604/1455 1697/1602/1453
f 1131/1581/1432 1635/1584/1435 1698/1606/1457 1500/1607/1458
f 1500/1607/1458 1698/1606/1457 1625/1572/1423 1134/1557/1408
f 1698/1606/1457 1441/1608/1459 1110/1571/1422 1625/1572/1423
f 1635/1584/1435 1116/1586/1437 1441/1608/1459 1698/1606/1457
f 1129/1589/1440 1510/1609/1460 1699/1610/1461 1636/1587/1438
f 1636/1587/1438 1699/1610/1461 1460/1611/1462 1112/1588/1439
f 1699/1610/1461 1634/1612/1463 1119/1613/1464 1460/1611/1462
f 1510/1609/1460 1127/1614/1465 1634/1612/1463 1699/1610/1461
f 1897/472/468 1101/1615/1466 1458/1616/1467 1938/473/469
f 1937/451/447 1891/249/247 1109/1411/1264 1444/1597/1448
f 1125/1204/1059 1628/1207/1062 1700/1617/1468 1515/1618/1469
f 1515/1618/1469 1700/1617/1468 1634/1612/1463 1127/1614/1465
f 1700/1617/1468 1469/1619/1470 1119/1613/1464 1634/1612/1463
f 1628/1207/1062 1106/1208/1063 1469/1619/1470 1700/1617/1468
f 1123/1567/1418 1632/1566/1417 1701/1620/1471 1543/1621/1472
f 1543/1621/1472 1701/1620/1471 1629/1576/1427 1156/1575/1426
f 1701/1620/1471 1554/1622/1473 1159/1580/1431 1629/1576/1427
f 1632/1566/1417 1100/1568/1419 1554/1622/1473 1701/1620/1471
f 1733/1345/1199 1530/1344/1198 1146/1623/1474 1256/1624/1475
f 1256/1624/1475 1146/1623/1474 1526/1625/1476 1723/1626/1477
f 971/1627/1478 1264/1628/1479 1702/1629/1480 1575/1630/1481
f 1575/1630/1481 1702/1629/1480 1576/1448/1301 931/1211/1066
f 1702/1629/1480 1315/1631/1482 1019/1451/1304 1576/1448/1301
f 1264/1628/1479 1015/1632/1483 1315/1631/1482 1702/1629/1480
f 989/1633/1484 1584/1634/1485 1703/1635/1486 1275/1636/1487
f 1275/1636/1487 1703/1635/1486 1585/1375/1229 987/1374/1228
f 1703/1635/1486 1203/1492/1345 962/1382/1236 1585/1375/1229
f 1584/1634/1485 955/1489/1342 1203/1492/1345 1703/1635/1486
f 985/1282/1136 1580/1281/1135 1704/1637/1488 1253/1638/1489
f 1253/1638/1489 1704/1637/1488 1584/1634/1485 989/1633/1484
f 1704/1637/1488 1196/1502/1355 955/1489/1342 1584/1634/1485
f 1580/1281/1135 956/1227/1082 1196/1502/1355 1704/1637/1488
f 1882/502/498 971/1627/1478 1575/1630/1481 1939/503/499
f 1141/1639/1490 1472/1640/1491 1713/1641/1492 1221/1642/1493
f 1725/1333/1187 1631/1332/1186 1152/1250/1105 1261/1249/1104
f 1162/1560/1411 1550/1643/1494 1705/1644/1495 1626/1558/1409
f 1626/1558/1409 1705/1644/1495 1485/1645/1496 1154/1559/1410
f 1705/1644/1495 1633/1601/1452 1121/1600/1451 1485/1645/1496
f 1550/1643/1494 1104/1605/1456 1633/1601/1452 1705/1644/1495
f 1896/152/151 1140/1335/1189 1473/1646/1497 1940/511/507
f 1897/472/468 1941/514/510 1556/1647/1498 1101/1615/1466
f 1941/514/510 1894/440/436 1158/1593/1444 1556/1647/1498
f 1942/515/511 1892/518/514 1161/1648/1499 1559/1649/1500
f 1879/519/515 954/1367/1221 1193/1507/1360 1944/520/516
f 1943/521/517 1895/524/520 1107/1650/1501 1451/1651/1502
f 1948/583/577 1898/586/580 1136/1652/1503 1212/1653/1504
f 1138/1654/1505 1452/1098/971 1706/1101/974 1210/1655/1506
f 1456/1656/1507 1138/1654/1505 1210/1655/1506 1707/1657/1508
f 1706/1101/974 1211/1658/1509 973/1659/1510 1210/1655/1506
f 1209/1100/973 976/1660/1511 1211/1658/1509 1706/1101/974
f 1476/1661/1512 1141/1639/1490 1221/1642/1493 1710/1662/1513
f 1212/1653/1504 1707/1663/1508 1213/1664/1514 974/1665/1515
f 1707/1657/1508 1210/1655/1506 973/1659/1510 1213/1666/1514
f 1136/1652/1503 1456/1667/1507 1707/1663/1508 1212/1653/1504
f 971/1627/1478 1214/1668/1516 1708/1669/1517 1215/1670/1518
f 1215/1671/1518 1708/1672/1517 1216/1673/1519 975/1674/1520
f 1708/1672/1517 1213/1666/1514 973/1659/1510 1216/1673/1519
f 1214/1668/1516 974/1665/1515 1213/1664/1514 1708/1669/1517
f 972/1527/1379 1217/1675/1521 1709/1676/1522 1218/1677/1523
f 1218/1677/1523 1709/1676/1522 1211/1658/1509 976/1660/1511
f 1709/1676/1522 1216/1673/1519 973/1659/1510 1211/1658/1509
f 1217/1675/1521 975/1674/1520 1216/1673/1519 1709/1676/1522
f 1228/1334/1188 1713/1678/1492 1472/1679/1491 1140/1335/1189
f 1219/1347/1201 1710/1662/1513 1220/1680/1524 979/1681/1525
f 1710/1662/1513 1221/1642/1493 980/1682/1526 1220/1680/1524
f 1139/1346/1200 1476/1661/1512 1710/1662/1513 1219/1347/1201
f 977/1277/1131 1222/1683/1527 1711/1684/1528 1223/1685/1529
f 1223/1685/1529 1711/1684/1528 1224/1686/1530 981/1687/1531
f 1711/1684/1528 1220/1680/1524 980/1682/1526 1224/1686/1530
f 1222/1683/1527 979/1681/1525 1220/1680/1524 1711/1684/1528
f 978/1549/1400 1225/1688/1532 1712/1689/1533 1226/1690/1534
f 1226/1690/1534 1712/1689/1533 1227/1691/1535 982/1692/1536
f 1712/1693/1533 1224/1686/1530 980/1682/1526 1227/1694/1535
f 1225/1695/1532 981/1687/1531 1224/1686/1530 1712/1693/1533
f 1723/1626/1477 1526/1625/1476 1143/497/493 1257/496/492
f 1713/1641/1492 1227/1694/1535 980/1682/1526 1221/1642/1493
f 1228/1334/1188 982/1692/1536 1227/1691/1535 1713/1678/1492
f 999/1248/1103 1229/1696/1537 1714/1697/1538 1230/1698/1539
f 1230/1699/1539 1714/1700/1538 1231/1701/1540 1002/1702/1541
f 1714/1700/1538 1232/1703/1542 1003/1704/1543 1231/1701/1540
f 1229/1696/1537 1005/1705/1544 1232/1706/1542 1714/1697/1538
f 1000/1517/1369 1233/1707/1545 1715/1708/1546 1234/1709/1547
f 1234/1709/1547 1715/1708/1546 1235/1710/1548 1004/1711/1549
f 1715/1708/1546 1231/1701/1540 1003/1704/1543 1235/1710/1548
f 1233/1707/1545 1002/1702/1541 1231/1701/1540 1715/1708/1546
f 1001/1712/1550 1236/1713/1551 1716/1714/1552 1237/1715/1553
f 1237/1715/1553 1716/1714/1552 1232/1706/1542 1005/1705/1544
f 1716/1716/1552 1235/1710/1548 1003/1704/1543 1232/1703/1542
f 1236/1717/1551 1004/1711/1549 1235/1710/1548 1716/1716/1552
f 1021/1538/1390 1238/1718/1554 1717/1719/1555 1239/1720/1556
f 1239/1720/1556 1717/1719/1555 1240/1721/1557 1024/1722/1558
f 1717/1723/1555 1241/1724/1559 1025/1725/1560 1240/1726/1557
f 1238/1727/1554 1027/1728/1561 1241/1724/1559 1717/1723/1555
f 1022/1533/1385 1242/1729/1562 1718/1730/1563 1243/1731/1564
f 1243/1732/1564 1718/1733/1563 1244/1734/1565 1026/1735/1566
f 1718/1733/1563 1240/1726/1557 1025/1725/1560 1244/1734/1565
f 1242/1729/1562 1024/1722/1558 1240/1721/1557 1718/1730/1563
f 1023/1440/1293 1245/1736/1567 1719/1737/1568 1246/1738/1569
f 1246/1738/1569 1719/1737/1568 1241/1724/1559 1027/1728/1561
f 1719/1737/1568 1244/1734/1565 1025/1725/1560 1241/1724/1559
f 1245/1736/1567 1026/1735/1566 1244/1734/1565 1719/1737/1568
f 1021/1538/1390 1239/1720/1556 1720/1739/1570 1247/1535/1387
f 1247/1535/1387 1720/1739/1570 1248/1740/1571 968/1536/1388
f 1720/1739/1570 1249/1741/1572 970/1742/1573 1248/1740/1571
f 1239/1720/1556 1024/1722/1558 1249/1741/1572 1720/1739/1570
f 1024/1722/1558 1242/1729/1562 1721/1743/1574 1249/1741/1572
f 1249/1741/1572 1721/1743/1574 1250/1744/1575 970/1742/1573
f 1721/1743/1574 1251/1530/1382 969/1348/1202 1250/1744/1575
f 1242/1729/1562 1022/1533/1385 1251/1530/1382 1721/1743/1574
f 989/1633/1484 1252/1745/1576 1722/1746/1577 1253/1638/1489
f 1253/1638/1489 1722/1746/1577 1254/1747/1578 985/1282/1136
f 1722/1746/1577 1255/1748/1579 986/1749/1580 1254/1747/1578
f 1252/1745/1576 990/1750/1581 1255/1748/1579 1722/1746/1577
f 990/1750/1581 1256/1624/1475 1723/1626/1477 1255/1748/1579
f 1255/1748/1579 1723/1626/1477 1257/496/492 986/1749/1580
f 972/1527/1379 1218/1677/1523 1724/1751/1582 1258/1525/1377
f 1258/1525/1377 1724/1751/1582 1259/1752/1583 983/1522/1374
f 1724/1751/1582 1260/1753/1584 984/1754/1585 1259/1752/1583
f 1218/1677/1523 976/1660/1511 1260/1753/1584 1724/1751/1582
f 976/1660/1511 1209/1100/973 1725/1333/1187 1260/1753/1584
f 1260/1753/1584 1725/1333/1187 1261/1249/1104 984/1754/1585
f 985/1282/1136 1254/1747/1578 1726/1755/1586 1262/1280/1134
f 1262/1280/1134 1726/1755/1586 1222/1683/1527 977/1277/1131
f 1726/1755/1586 1263/1756/1587 979/1681/1525 1222/1683/1527
f 1254/1747/1578 986/1749/1580 1263/1756/1587 1726/1755/1586
f 986/1749/1580 1257/496/492 1727/499/495 1263/1756/1587
f 1263/1756/1587 1727/499/495 1219/1347/1201 979/1681/1525
f 971/1627/1478 1215/1670/1518 1728/1757/1588 1264/1628/1479
f 1264/1628/1479 1728/1757/1588 1265/1758/1589 1015/1632/1483
f 1728/1759/1588 1266/1760/1590 1017/1761/1591 1265/1762/1589
f 1215/1671/1518 975/1674/1520 1266/1760/1590 1728/1759/1588
f 975/1674/1520 1217/1675/1521 1729/1763/1592 1266/1760/1590
f 1266/1760/1590 1729/1763/1592 1267/1764/1593 1017/1761/1591
f 1729/1763/1592 1268/1526/1378 1016/1341/1195 1267/1764/1593
f 1217/1675/1521 972/1527/1379 1268/1526/1378 1729/1763/1592
f 991/1379/1233 1269/1765/1594 1730/1766/1595 1270/1377/1231
f 1270/1377/1231 1730/1766/1595 1271/1767/1596 987/1374/1228
f 1730/1766/1595 1272/1768/1597 988/1769/1598 1271/1767/1596
f 1269/1765/1594 992/1770/1599 1272/1768/1597 1730/1766/1595
f 992/1770/1599 1273/1519/1371 1731/1253/1108 1272/1768/1597
f 1272/1768/1597 1731/1253/1108 1274/1256/1111 988/1769/1598
f 987/1374/1228 1271/1767/1596 1732/1771/1600 1275/1636/1487
f 1275/1636/1487 1732/1771/1600 1252/1745/1576 989/1633/1484
f 1732/1771/1600 1276/1772/1601 990/1750/1581 1252/1745/1576
f 1271/1767/1596 988/1769/1598 1276/1772/1601 1732/1771/1600
f 988/1769/1598 1274/1256/1111 1733/1345/1199 1276/1772/1601
f 1276/1772/1601 1733/1345/1199 1256/1624/1475 990/1750/1581
f 983/1522/1374 1259/1752/1583 1734/1773/1602 1277/1591/1442
f 1277/1591/1442 1734/1773/1602 1269/1765/1594 991/1379/1233
f 1734/1773/1602 1278/1774/1603 992/1770/1599 1269/1765/1594
f 1259/1752/1583 984/1754/1585 1278/1774/1603 1734/1773/1602
f 984/1754/1585 1261/1249/1104 1735/1252/1107 1278/1774/1603
f 1278/1774/1603 1735/1252/1107 1273/1519/1371 992/1770/1599
f 966/1240/1095 1279/1775/684 1736/1776/1604 1280/1241/1096
f 1280/1241/1096 1736/1776/1604 1229/1696/1537 999/1248/1103
f 1736/1776/1604 1281/1777/1605 1005/1705/1544 1229/1696/1537
f 1279/1775/684 967/1778/1606 1281/1777/1605 1736/1776/1604
f 967/1778/1606 1282/1779/1607 1737/1780/1608 1281/1777/1605
f 1281/1777/1605 1737/1780/1608 1237/1715/1553 1005/1705/1544
f 1737/1780/1608 1283/1781/1609 1001/1712/1550 1237/1715/1553
f 1282/1779/1607 965/1782/1610 1283/1781/1609 1737/1780/1608
f 994/1433/1286 1284/1783/1611 1738/1784/1612 1285/1434/1287
f 1285/1434/1287 1738/1784/1612 1286/1785/1613 996/1441/1294
f 1738/1784/1612 1287/1786/1614 998/1787/1615 1286/1785/1613
f 1284/1783/1611 995/1788/1616 1287/1786/1614 1738/1784/1612
f 995/1788/1616 1288/1789/1617 1739/1790/1618 1287/1786/1614
f 1287/1786/1614 1739/1790/1618 1289/1791/1619 998/1787/1615
f 1739/1792/1618 1290/1306/1160 997/1308/1162 1289/1793/1619
f 1288/1794/1617 993/1307/1161 1290/1306/1160 1739/1792/1618
f 1000/1517/1369 1234/1709/1547 1740/1795/1620 1291/1515/1367
f 1291/1515/1367 1740/1795/1620 1292/1796/1621 1006/1516/1368
f 1740/1795/1620 1293/1797/1622 1008/1798/1623 1292/1796/1621
f 1234/1709/1547 1004/1711/1549 1293/1797/1622 1740/1795/1620
f 1004/1711/1549 1236/1717/1551 1741/1799/1624 1293/1797/1622
f 1293/1797/1622 1741/1799/1624 1294/1800/1625 1008/1798/1623
f 1741/1801/1624 1295/1802/1626 1007/1417/1270 1294/1803/1625
f 1236/1713/1551 1001/1712/1550 1295/1802/1626 1741/1801/1624
f 996/1441/1294 1286/1785/1613 1742/1804/1627 1296/1439/1292
f 1296/1439/1292 1742/1804/1627 1245/1736/1567 1023/1440/1293
f 1742/1804/1627 1297/1805/1628 1026/1735/1566 1245/1736/1567
f 1286/1785/1613 998/1787/1615 1297/1805/1628 1742/1804/1627
f 998/1787/1615 1289/1791/1619 1743/1806/1629 1297/1805/1628
f 1297/1805/1628 1743/1806/1629 1243/1732/1564 1026/1735/1566
f 1743/1807/1629 1298/1532/1384 1022/1533/1385 1243/1731/1564
f 1289/1793/1619 997/1308/1162 1298/1532/1384 1743/1807/1629
f 1029/1222/1077 1299/1808/1630 1744/1809/1631 1300/1223/1078
f 1300/1223/1078 1744/1809/1631 1301/1810/1632 1031/1230/1085
f 1744/1809/1631 1302/1811/1633 1033/1812/1634 1301/1810/1632
f 1299/1808/1630 1030/1813/1635 1302/1811/1633 1744/1809/1631
f 1030/1813/1635 1303/1814/1636 1745/1815/1637 1302/1811/1633
f 1302/1811/1633 1745/1815/1637 1304/1816/1638 1033/1812/1634
f 1745/1817/1637 1305/1550/1401 1032/1429/1282 1304/1818/1638
f 1303/1819/1636 1028/1551/1402 1305/1550/1401 1745/1817/1637
f 1035/1331/1185 1306/1820/1639 1746/1821/1640 1307/1432/1285
f 1307/1432/1285 1746/1821/1640 1308/1822/1641 1018/1343/1197
f 1746/1821/1640 1309/1823/1642 1020/1824/1643 1308/1822/1641
f 1306/1820/1639 1036/1825/1644 1309/1823/1642 1746/1821/1640
f 1036/1825/1644 1310/1826/1645 1747/1827/1646 1309/1823/1642
f 1309/1823/1642 1747/1827/1646 1311/1828/1647 1020/1824/1643
f 1747/1829/1646 1312/1450/1303 1019/1451/1304 1311/1830/1647
f 1310/1831/1645 1034/1294/1148 1312/1450/1303 1747/1829/1646
f 1018/1343/1197 1308/1822/1641 1748/1832/1648 1313/1340/1194
f 1313/1340/1194 1748/1832/1648 1267/1764/1593 1016/1341/1195
f 1748/1832/1648 1314/1833/1649 1017/1761/1591 1267/1764/1593
f 1308/1822/1641 1020/1824/1643 1314/1833/1649 1748/1832/1648
f 1020/1824/1643 1311/1828/1647 1749/1834/1650 1314/1833/1649
f 1314/1833/1649 1749/1834/1650 1265/1762/1589 1017/1761/1591
f 1749/1835/1650 1315/1631/1482 1015/1632/1483 1265/1758/1589
f 1311/1830/1647 1019/1451/1304 1315/1631/1482 1749/1835/1650
f 1038/1405/1259 1316/1836/1651 1750/1837/1652 1317/1474/1327
f 1317/1474/1327 1750/1837/1652 1318/1838/1653 1040/1479/1332
f 1750/1837/1652 1319/1839/1654 1042/1840/1655 1318/1838/1653
f 1316/1836/1651 1039/1841/1656 1319/1839/1654 1750/1837/1652
f 1039/1841/1656 1320/1842/1657 1751/1843/1658 1319/1839/1654
f 1319/1839/1654 1751/1843/1658 1321/1844/1659 1042/1840/1655
f 1751/1845/1658 1322/1529/1381 1041/1469/1322 1321/1846/1659
f 1320/1847/1657 1037/1488/1341 1322/1529/1381 1751/1845/1658
f 1044/1446/1299 1323/1848/1660 1752/1849/1661 1324/1444/1297
f 1324/1444/1297 1752/1849/1661 1325/1850/1662 1009/1396/1250
f 1752/1849/1661 1326/1851/1663 1011/1852/1664 1325/1850/1662
f 1323/1848/1660 1045/1853/1665 1326/1851/1663 1752/1849/1661
f 1045/1853/1665 1327/1854/1666 1753/1855/1667 1326/1851/1663
f 1326/1851/1663 1753/1855/1667 1328/1856/1668 1011/1852/1664
f 1753/1857/1667 1329/1521/1373 1010/1455/1308 1328/1858/1668
f 1327/1859/1666 1043/1418/1271 1329/1521/1373 1753/1857/1667
f 1050/1323/1177 1330/1860/1669 1754/1861/1670 1331/1330/1184
f 1331/1330/1184 1754/1861/1670 1306/1820/1639 1035/1331/1185
f 1754/1861/1670 1332/1862/1671 1036/1825/1644 1306/1820/1639
f 1330/1860/1669 1051/1863/1672 1332/1862/1671 1754/1861/1670
f 1051/1863/1672 1333/1864/1673 1755/1865/1674 1332/1862/1671
f 1332/1862/1671 1755/1865/1674 1310/1826/1645 1036/1825/1644
f 1755/1866/1674 1334/1293/1147 1034/1294/1148 1310/1831/1645
f 1333/1867/1673 1049/1221/1076 1334/1293/1147 1755/1866/1674
f 1031/1230/1085 1301/1810/1632 1756/1868/1675 1335/1461/1314
f 1335/1461/1314 1756/1868/1675 1336/1869/1676 1052/1383/1237
f 1756/1868/1675 1337/1870/1677 1054/1871/1678 1336/1869/1676
f 1301/1810/1632 1033/1812/1634 1337/1870/1677 1756/1868/1675
f 1033/1812/1634 1304/1816/1638 1757/1872/1679 1337/1870/1677
f 1337/1870/1677 1757/1872/1679 1338/1873/1680 1054/1871/1678
f 1757/1874/1679 1339/1428/1281 1053/1430/1283 1338/1875/1680
f 1304/1818/1638 1032/1429/1282 1339/1428/1281 1757/1874/1679
f 1040/1479/1332 1318/1838/1653 1758/1876/1681 1340/1544/1395
f 1340/1544/1395 1758/1876/1681 1284/1783/1611 994/1433/1286
f 1758/1876/1681 1341/1877/1682 995/1788/1616 1284/1783/1611
f 1318/1838/1653 1042/1840/1655 1341/1877/1682 1758/1876/1681
f 1042/1840/1655 1321/1844/1659 1759/1878/1683 1341/1877/1682
f 1341/1877/1682 1759/1878/1683 1288/1789/1617 995/1788/1616
f 1759/1879/1683 1342/1468/1321 993/1307/1161 1288/1794/1617
f 1321/1846/1659 1041/1469/1322 1342/1468/1321 1759/1879/1683
f 1006/1516/1368 1292/1796/1621 1760/1880/1684 1343/1514/1366
f 1343/1514/1366 1760/1880/1684 1323/1848/1660 1044/1446/1299
f 1760/1880/1684 1344/1881/1685 1045/1853/1665 1323/1848/1660
f 1292/1796/1621 1008/1798/1623 1344/1881/1685 1760/1880/1684
f 1008/1798/1623 1294/1800/1625 1761/1882/1686 1344/1881/1685
f 1344/1881/1685 1761/1882/1686 1327/1854/1666 1045/1853/1665
f 1761/1883/1686 1345/1416/1269 1043/1418/1271 1327/1859/1666
f 1294/1803/1625 1007/1417/1270 1345/1416/1269 1761/1883/1686
f 1065/1423/1276 1346/1884/1687 1762/1885/1688 1347/1483/1336
f 1347/1483/1336 1762/1885/1688 1348/1886/1689 1055/1484/1337
f 1762/1887/1688 1349/1888/1690 1057/1889/1691 1348/1890/1689
f 1346/1891/1687 1066/1892/1692 1349/1888/1690 1762/1887/1688
f 1066/1892/1692 1350/1893/1693 1763/1894/1694 1349/1888/1690
f 1349/1888/1690 1763/1894/1694 1351/1895/1695 1057/1889/1691
f 1763/1894/1694 1352/1409/1262 1056/1388/1242 1351/1895/1695
f 1350/1893/1693 1064/1276/1130 1352/1409/1262 1763/1894/1694
f 1047/1357/1211 1353/1896/1696 1764/1897/1697 1354/1459/1312
f 1354/1459/1312 1764/1897/1697 1355/1898/1698 1058/1460/1313
f 1764/1899/1697 1356/1900/1699 1060/1901/1700 1355/1902/1698
f 1353/1903/1696 1048/1904/1701 1356/1900/1699 1764/1899/1697
f 1048/1904/1701 1357/1905/1702 1765/1906/1703 1356/1900/1699
f 1356/1900/1699 1765/1906/1703 1358/1907/1704 1060/1901/1700
f 1765/1906/1703 1359/1546/1397 1059/1438/1291 1358/1907/1704
f 1357/1905/1702 1046/1478/1331 1359/1546/1397 1765/1906/1703
f 1013/1397/1251 1360/1908/1705 1766/1909/1706 1361/1442/1295
f 1361/1442/1295 1766/1909/1706 1362/1910/1707 1067/1447/1300
f 1766/1909/1706 1363/1911/1708 1069/1912/1709 1362/1910/1707
f 1360/1908/1705 1014/1913/1710 1363/1911/1708 1766/1909/1706
f 1014/1913/1710 1364/1914/1711 1767/1915/1712 1363/1911/1708
f 1363/1911/1708 1767/1915/1712 1365/1916/1713 1069/1912/1709
f 1767/1917/1712 1366/1511/1364 1068/1247/1102 1365/1918/1713
f 1364/1919/1711 1012/1239/1094 1366/1511/1364 1767/1917/1712
f 1071/1358/1212 1367/1920/1714 1768/1921/1715 1368/1356/1210
f 1368/1356/1210 1768/1921/1715 1353/1896/1696 1047/1357/1211
f 1768/1922/1715 1369/1923/1716 1048/1904/1701 1353/1903/1696
f 1367/1924/1714 1072/1925/1717 1369/1923/1716 1768/1922/1715
f 1072/1925/1717 1370/1926/1718 1769/1927/1719 1369/1923/1716
f 1369/1923/1716 1769/1927/1719 1357/1905/1702 1048/1904/1701
f 1769/1927/1719 1371/1476/1329 1046/1478/1331 1357/1905/1702
f 1370/1926/1718 1070/1404/1258 1371/1476/1329 1769/1927/1719
f 1074/1326/1180 1372/1928/1720 1770/1929/1721 1373/1392/1246
f 1373/1392/1246 1770/1929/1721 1360/1908/1705 1013/1397/1251
f 1770/1929/1721 1374/1930/1722 1014/1913/1710 1360/1908/1705
f 1372/1928/1720 1075/1931/1723 1374/1930/1722 1770/1929/1721
f 1075/1931/1723 1375/1932/1724 1771/1933/1725 1374/1930/1722
f 1374/1930/1722 1771/1933/1725 1364/1914/1711 1014/1913/1710
f 1771/1934/1725 1376/1237/1092 1012/1239/1094 1364/1919/1711
f 1375/1935/1724 1073/1238/1093 1376/1237/1092 1771/1934/1725
f 1058/1460/1313 1355/1898/1698 1772/1936/1726 1377/1537/1389
f 1377/1537/1389 1772/1936/1726 1238/1718/1554 1021/1538/1390
f 1772/1937/1726 1378/1938/1727 1027/1728/1561 1238/1727/1554
f 1355/1902/1698 1060/1901/1700 1378/1938/1727 1772/1937/1726
f 1060/1901/1700 1358/1907/1704 1773/1939/1728 1378/1938/1727
f 1378/1938/1727 1773/1939/1728 1246/1738/1569 1027/1728/1561
f 1773/1939/1728 1379/1437/1290 1023/1440/1293 1246/1738/1569
f 1358/1907/1704 1059/1438/1291 1379/1437/1290 1773/1939/1728
f 1067/1447/1300 1362/1910/1707 1774/1940/1729 1380/1512/1365
f 1380/1512/1365 1774/1940/1729 1233/1707/1545 1000/1517/1369
f 1774/1940/1729 1381/1941/1730 1002/1702/1541 1233/1707/1545
f 1362/1910/1707 1069/1912/1709 1381/1941/1730 1774/1940/1729
f 1069/1912/1709 1365/1916/1713 1775/1942/1731 1381/1941/1730
f 1381/1941/1730 1775/1942/1731 1230/1699/1539 1002/1702/1541
f 1775/1943/1731 1382/1246/1101 999/1248/1103 1230/1698/1539
f 1365/1918/1713 1068/1247/1102 1382/1246/1101 1775/1943/1731
f 1009/1396/1250 1325/1850/1662 1776/1944/1732 1383/1394/1248
f 1383/1394/1248 1776/1944/1732 1384/1945/1733 1076/1325/1179
f 1776/1944/1732 1385/1946/1734 1078/1947/1735 1384/1945/1733
f 1325/1850/1662 1011/1852/1664 1385/1946/1734 1776/1944/1732
f 1011/1852/1664 1328/1856/1668 1777/1948/1736 1385/1946/1734
f 1385/1946/1734 1777/1948/1736 1386/1949/1737 1078/1947/1735
f 1777/1950/1736 1387/1454/1307 1077/1220/1075 1386/1951/1737
f 1328/1858/1668 1010/1455/1308 1387/1454/1307 1777/1950/1736
f 1080/1318/1172 1388/1952/1738 1778/1953/1739 1389/1319/1173
f 1389/1319/1173 1778/1953/1739 1372/1928/1720 1074/1326/1180
f 1778/1953/1739 1390/1954/1740 1075/1931/1723 1372/1928/1720
f 1388/1952/1738 1081/1955/1741 1390/1954/1740 1778/1953/1739
f 1081/1955/1741 1391/1956/1742 1779/1957/1743 1390/1954/1740
f 1390/1954/1740 1779/1957/1743 1375/1932/1724 1075/1931/1723
f 1779/1958/1743 1392/1543/1394 1073/1238/1093 1375/1935/1724
f 1391/1959/1742 1079/1317/1171 1392/1543/1394 1779/1958/1743
f 1083/1391/1245 1393/1960/1744 1780/1961/1745 1394/1400/1254
f 1394/1400/1254 1780/1961/1745 1316/1836/1651 1038/1405/1259
f 1780/1961/1745 1395/1962/1746 1039/1841/1656 1316/1836/1651
f 1393/1960/1744 1084/1963/1747 1395/1962/1746 1780/1961/1745
f 1084/1963/1747 1396/1964/1748 1781/1965/1749 1395/1962/1746
f 1395/1962/1746 1781/1965/1749 1320/1842/1657 1039/1841/1656
f 1781/1966/1749 1397/1487/1340 1037/1488/1341 1320/1847/1657
f 1396/1967/1748 1082/1473/1326 1397/1487/1340 1781/1966/1749
f 1086/1497/1350 1398/1968/1750 1782/1969/1751 1399/1496/1349
f 1399/1496/1349 1782/1969/1751 1367/1920/1714 1071/1358/1212
f 1782/1970/1751 1400/1971/1752 1072/1925/1717 1367/1924/1714
f 1398/1972/1750 1087/1973/1753 1400/1971/1752 1782/1970/1751
f 1087/1973/1753 1401/1974/1754 1783/1975/1755 1400/1971/1752
f 1400/1971/1752 1783/1975/1755 1370/1926/1718 1072/1925/1717
f 1783/1975/1755 1402/1402/1256 1070/1404/1258 1370/1926/1718
f 1401/1974/1754 1085/1390/1244 1402/1402/1256 1783/1975/1755
f 1052/1383/1237 1336/1869/1676 1784/1976/1756 1403/1384/1238
f 1403/1384/1238 1784/1976/1756 1393/1960/1744 1083/1391/1245
f 1784/1976/1756 1404/1977/1757 1084/1963/1747 1393/1960/1744
f 1336/1869/1676 1054/1871/1678 1404/1977/1757 1784/1976/1756
f 1054/1871/1678 1338/1873/1680 1785/1978/1758 1404/1977/1757
f 1404/1977/1757 1785/1978/1758 1396/1964/1748 1084/1963/1747
f 1785/1979/1758 1405/1472/1325 1082/1473/1326 1396/1967/1748
f 1338/1875/1680 1053/1430/1283 1405/1472/1325 1785/1979/1758
f 1055/1484/1337 1348/1886/1689 1786/1980/1759 1406/1500/1353
f 1406/1500/1353 1786/1980/1759 1398/1968/1750 1086/1497/1350
f 1786/1981/1759 1407/1982/1760 1087/1973/1753 1398/1972/1750
f 1348/1890/1689 1057/1889/1691 1407/1982/1760 1786/1981/1759
f 1057/1889/1691 1351/1895/1695 1787/1983/1761 1407/1982/1760
f 1407/1982/1760 1787/1983/1761 1401/1974/1754 1087/1973/1753
f 1787/1983/1761 1408/1387/1241 1085/1390/1244 1401/1974/1754
f 1351/1895/1695 1056/1388/1242 1408/1387/1241 1787/1983/1761
f 1076/1325/1179 1384/1945/1733 1788/1984/1762 1409/1322/1176
f 1409/1322/1176 1788/1984/1762 1330/1860/1669 1050/1323/1177
f 1788/1984/1762 1410/1985/1763 1051/1863/1672 1330/1860/1669
f 1384/1945/1733 1078/1947/1735 1410/1985/1763 1788/1984/1762
f 1078/1947/1735 1386/1949/1737 1789/1986/1764 1410/1985/1763
f 1410/1985/1763 1789/1986/1764 1333/1864/1673 1051/1863/1672
f 1789/1987/1764 1411/1219/1074 1049/1221/1076 1333/1867/1673
f 1386/1951/1737 1077/1220/1075 1411/1219/1074 1789/1987/1764
f 1062/1264/1118 1412/1988/1765 1790/1989/1766 1413/1327/1181
f 1413/1327/1181 1790/1989/1766 1388/1952/1738 1080/1318/1172
f 1790/1989/1766 1414/1990/1767 1081/1955/1741 1388/1952/1738
f 1412/1988/1765 1063/1991/1768 1414/1990/1767 1790/1989/1766
f 1063/1991/1768 1415/1992/1769 1791/1993/1770 1414/1990/1767
f 1414/1990/1767 1791/1993/1770 1391/1956/1742 1081/1955/1741
f 1791/1994/1770 1416/1315/1169 1079/1317/1171 1391/1959/1742
f 1415/1995/1769 1061/1316/1170 1416/1315/1169 1791/1994/1770
f 1089/1369/1223 1417/1996/1771 1792/1997/1772 1418/1508/1361
f 1418/1508/1361 1792/1997/1772 1419/1998/1773 1091/1424/1277
f 1792/1999/1772 1420/2000/1774 1093/2001/1775 1419/2002/1773
f 1417/2003/1771 1090/2004/1776 1420/2000/1774 1792/1999/1772
f 1090/2004/1776 1421/2005/1777 1793/2006/1778 1420/2000/1774
f 1420/2000/1774 1793/2006/1778 1422/2007/1779 1093/2001/1775
f 1793/2006/1778 1423/1540/1391 1092/1275/1129 1422/2007/1779
f 1421/2005/1777 1088/1265/1119 1423/1540/1391 1793/2006/1778
f 1091/1424/1277 1419/1998/1773 1794/2008/1780 1424/1422/1275
f 1424/1422/1275 1794/2008/1780 1346/1884/1687 1065/1423/1276
f 1794/2009/1780 1425/2010/1781 1066/1892/1692 1346/1891/1687
f 1419/2002/1773 1093/2001/1775 1425/2010/1781 1794/2009/1780
f 1093/2001/1775 1422/2007/1779 1795/2011/1782 1425/2010/1781
f 1425/2010/1781 1795/2011/1782 1350/1893/1693 1066/1892/1692
f 1795/2011/1782 1426/1274/1128 1064/1276/1130 1350/1893/1693
f 1422/2007/1779 1092/1275/1129 1426/1274/1128 1795/2011/1782
f 1061/1316/1170 1415/1995/1769 1796/2012/1783 1427/1368/1222
f 1427/1368/1222 1796/2012/1783 1417/1996/1771 1089/1369/1223
f 1796/2013/1783 1428/2014/1784 1090/2004/1776 1417/2003/1771
f 1415/1992/1769 1063/1991/1768 1428/2014/1784 1796/2013/1783
f 1063/1991/1768 1412/1988/1765 1797/2015/1785 1428/2014/1784
f 1428/2014/1784 1797/2015/1785 1421/2005/1777 1090/2004/1776
f 1797/2015/1785 1429/1263/1117 1088/1265/1119 1421/2005/1777
f 1412/1988/1765 1062/1264/1118 1429/1263/1117 1797/2015/1785
f 977/1277/1131 1223/1685/1529 1798/2016/1786 1430/1278/1132
f 1430/1278/1132 1798/2016/1786 1299/1808/1630 1029/1222/1077
f 1798/2016/1786 1431/2017/1787 1030/1813/1635 1299/1808/1630
f 1223/1685/1529 981/1687/1531 1431/2017/1787 1798/2016/1786
f 981/1687/1531 1225/1695/1532 1799/2018/1788 1431/2017/1787
f 1431/2017/1787 1799/2018/1788 1303/1814/1636 1030/1813/1635
f 1799/2019/1788 1432/1548/1399 1028/1551/1402 1303/1819/1636
f 1225/1688/1532 978/1549/1400 1432/1548/1399 1799/2019/1788
f 1110/1571/1422 1433/2020/1789 1800/2021/1790 1434/1570/1421
f 1434/1570/1421 1800/2021/1790 1435/2022/1791 1094/1552/1403
f 1800/2021/1790 1436/2023/1792 1096/2024/1793 1435/2022/1791
f 1433/2020/1789 1111/2025/1794 1436/2023/1792 1800/2021/1790
f 1111/2025/1794 1437/2026/1795 1801/2027/1796 1436/2023/1792
f 1436/2023/1792 1801/2027/1796 1438/2028/1797 1096/2024/1793
f 1801/2029/1796 1439/1410/1263 1095/1505/1358 1438/2030/1797
f 1437/2031/1795 1109/1411/1264 1439/1410/1263 1801/2029/1796
f 1116/1586/1437 1440/2032/1798 1802/2033/1799 1441/1608/1459
f 1441/1608/1459 1802/2033/1799 1433/2020/1789 1110/1571/1422
f 1802/2033/1799 1442/2034/1800 1111/2025/1794 1433/2020/1789
f 1440/2032/1798 1117/2035/1801 1442/2034/1800 1802/2033/1799
f 1117/2035/1801 1443/2036/1802 1803/2037/1803 1442/2034/1800
f 1442/2034/1800 1803/2037/1803 1437/2026/1795 1111/2025/1794
f 1803/2038/1803 1444/1597/1448 1109/1411/1264 1437/2031/1795
f 1443/2039/1802 1115/1573/1424 1444/1597/1448 1803/2038/1803
f 1098/1210/1065 1445/2040/1804 1804/2041/1805 1446/1209/1064
f 1446/1209/1064 1804/2041/1805 1447/2042/1806 1106/1208/1063
f 1804/2041/1805 1448/2043/1807 1108/2044/1808 1447/2042/1806
f 1445/2040/1804 1099/2045/1809 1448/2043/1807 1804/2041/1805
f 1099/2045/1809 1449/2046/1810 1805/2047/1811 1448/2043/1807
f 1448/2043/1807 1805/2047/1811 1450/2048/1812 1108/2044/1808
f 1805/2049/1811 1451/1651/1502 1107/1650/1501 1450/2050/1812
f 1449/2051/1810 1097/1596/1447 1451/1651/1502 1805/2049/1811
f 1137/1099/972 1452/1098/971 1806/2052/1813 1453/1563/1414
f 1453/1563/1414 1806/2052/1813 1454/2053/1814 1100/1568/1419
f 1806/2052/1813 1455/2054/1815 1102/2055/1816 1454/2053/1814
f 1452/1098/971 1138/1654/1505 1455/2054/1815 1806/2052/1813
f 1138/1654/1505 1456/1656/1507 1807/2056/1817 1455/2054/1815
f 1455/2054/1815 1807/2056/1817 1457/2057/1818 1102/2055/1816
f 1807/2058/1817 1458/1616/1467 1101/1615/1466 1457/2059/1818
f 1456/1667/1507 1136/1652/1503 1458/1616/1467 1807/2058/1817
f 1119/1613/1464 1459/2060/1819 1808/2061/1820 1460/1611/1462
f 1460/1611/1462 1808/2061/1820 1461/2062/1821 1112/1588/1439
f 1808/2061/1820 1462/2063/1822 1114/2064/1823 1461/2062/1821
f 1459/2060/1819 1120/2065/1824 1462/2063/1822 1808/2061/1820
f 1120/2065/1824 1463/2066/1825 1809/2067/1826 1462/2063/1822
f 1462/2063/1822 1809/2067/1826 1464/2068/1827 1114/2064/1823
f 1809/2069/1826 1465/1595/1446 1113/1594/1445 1464/2070/1827
f 1463/2071/1825 1118/1598/1449 1465/1595/1446 1809/2069/1826
f 1112/1588/1439 1461/2062/1821 1810/2072/1828 1466/1585/1436
f 1466/1585/1436 1810/2072/1828 1440/2032/1798 1116/1586/1437
f 1810/2072/1828 1467/2073/1829 1117/2035/1801 1440/2032/1798
f 1461/2062/1821 1114/2064/1823 1467/2073/1829 1810/2072/1828
f 1114/2064/1823 1464/2068/1827 1811/2074/1830 1467/2073/1829
f 1467/2073/1829 1811/2074/1830 1443/2036/1802 1117/2035/1801
f 1811/2075/1830 1468/1574/1425 1115/1573/1424 1443/2039/1802
f 1464/2076/1827 1113/2077/1445 1468/1574/1425 1811/2075/1830
f 1106/1208/1063 1447/2042/1806 1812/2078/1831 1469/1619/1470
f 1469/1619/1470 1812/2078/1831 1459/2060/1819 1119/1613/1464
f 1812/2078/1831 1470/2079/1832 1120/2065/1824 1459/2060/1819
f 1447/2042/1806 1108/2044/1808 1470/2079/1832 1812/2078/1831
f 1108/2044/1808 1450/2048/1812 1813/2080/1833 1470/2079/1832
f 1470/2079/1832 1813/2080/1833 1463/2066/1825 1120/2065/1824
f 1813/2081/1833 1471/1599/1450 1118/1598/1449 1463/2071/1825
f 1450/2050/1812 1107/1650/1501 1471/1599/1450 1813/2081/1833
f 1140/1335/1189 1472/1679/1491 1814/2082/1834 1473/1646/1497
f 1473/1646/1497 1814/2082/1834 1474/2083/1835 1103/1561/1412
f 1814/2084/1834 1475/2085/1836 1105/2086/1837 1474/2087/1835
f 1472/1640/1491 1141/1639/1490 1475/2085/1836 1814/2084/1834
f 1141/1639/1490 1476/1661/1512 1815/2088/1838 1475/2085/1836
f 1475/2085/1836 1815/2088/1838 1477/2089/1839 1105/2086/1837
f 1815/2088/1838 1478/1604/1455 1104/1605/1456 1477/2089/1839
f 1476/1661/1512 1139/1346/1200 1478/1604/1455 1815/2088/1838
f 249/544/540 1479/2090/1840 1816/2091/1841 1480/552/548
f 1480/552/548 1816/2091/1841 1481/2092/1842 240/550/546
f 1816/2091/1841 1482/2093/1843 1122/2094/1844 1481/2092/1842
f 1479/2090/1840 1155/2095/1845 1482/2093/1843 1816/2091/1841
f 1155/2095/1845 1483/2096/1846 1817/2097/1847 1482/2093/1843
f 1482/2093/1843 1817/2097/1847 1484/2098/1848 1122/2094/1844
f 1817/2097/1847 1485/2099/1496 1121/2100/1451 1484/2098/1848
f 1483/2096/1846 1154/2101/1410 1485/2099/1496 1817/2097/1847
f 248/566/562 1486/2102/1849 1818/2103/1850 1487/570/566
f 1487/570/566 1818/2103/1850 1488/2104/1851 241/567/563
f 1818/2103/1850 1489/2105/1852 1124/2106/1853 1488/2104/1851
f 1486/2102/1849 1153/2107/1854 1489/2105/1852 1818/2103/1850
f 1153/2107/1854 1490/2108/1855 1819/2109/1856 1489/2105/1852
f 1489/2105/1852 1819/2109/1856 1491/2110/1857 1124/2106/1853
f 1819/2109/1856 1492/2111/1416 1123/2112/1418 1491/2110/1857
f 1490/2108/1855 1152/2113/1105 1492/2111/1416 1819/2109/1856
f 250/580/574 1493/2114/1858 1820/2115/1859 637/578/572
f 637/578/572 1820/2115/1859 1494/2116/1860 242/536/532
f 1820/2115/1859 1495/2117/1861 1126/2118/1862 1494/2116/1860
f 1493/2114/1858 1157/2119/1863 1495/2117/1861 1820/2115/1859
f 1157/2119/1863 1496/2120/1864 1821/2121/1865 1495/2117/1861
f 1495/2117/1861 1821/2121/1865 1497/2122/1866 1126/2118/1862
f 1821/2121/1865 1498/2123/1429 1125/2124/1059 1497/2122/1866
f 1496/2120/1864 1156/2125/1426 1498/2123/1429 1821/2121/1865
f 1134/2126/1408 1499/2127/1867 1822/2128/1868 1500/2129/1458
f 1500/2129/1458 1822/2128/1868 1501/2130/1869 1131/2131/1432
f 1822/2128/1868 1502/2132/1870 1132/2133/1871 1501/2130/1869
f 1499/2127/1867 1135/2134/1872 1502/2132/1870 1822/2128/1868
f 1135/2134/1872 1503/2135/1873 1823/2136/1874 1502/2132/1870
f 1502/2132/1870 1823/2136/1874 1504/2137/1875 1132/2133/1871
f 1823/2136/1874 638/540/536 245/525/521 1504/2137/1875
f 1503/2135/1873 1133/537/533 638/540/536 1823/2136/1874
f 1131/2131/1432 1501/2130/1869 1824/2138/1876 1505/2139/1433
f 1505/2139/1433 1824/2138/1876 1506/2140/1877 1129/2141/1440
f 1824/2138/1876 1507/2142/1878 1130/2143/1879 1506/2140/1877
f 1501/2130/1869 1132/2133/1871 1507/2142/1878 1824/2138/1876
f 1132/2133/1871 1504/2137/1875 1825/2144/1880 1507/2142/1878
f 1507/2142/1878 1825/2144/1880 1508/2145/1881 1130/2143/1879
f 1825/2144/1880 1509/528/524 244/530/526 1508/2145/1881
f 1504/2137/1875 245/525/521 1509/528/524 1825/2144/1880
f 1129/2146/1440 1506/2147/1877 1826/2148/1882 1510/2149/1460
f 1510/2149/1460 1826/2148/1882 1511/2150/1883 1127/2151/1465
f 1826/2148/1882 1512/2152/1884 1128/2153/1885 1511/2150/1883
f 1506/2147/1877 1130/2154/1879 1512/2152/1884 1826/2148/1882
f 1130/2154/1879 1508/2155/1881 1827/2156/1886 1512/2152/1884
f 1512/2152/1884 1827/2156/1886 1513/2157/1887 1128/2153/1885
f 1827/2156/1886 1514/574/568 243/531/527 1513/2157/1887
f 1508/2155/1881 244/571/526 1514/574/568 1827/2156/1886
f 1127/2151/1465 1511/2150/1883 1828/2158/1888 1515/2159/1469
f 1515/2159/1469 1828/2158/1888 1497/2122/1866 1125/2124/1059
f 1828/2158/1888 1516/2160/1889 1126/2118/1862 1497/2122/1866
f 1511/2150/1883 1128/2153/1885 1516/2160/1889 1828/2158/1888
f 1128/2153/1885 1513/2157/1887 1829/2161/1890 1516/2160/1889
f 1516/2160/1889 1829/2161/1890 1494/2116/1860 1126/2118/1862
f 1829/2161/1890 1517/534/530 242/536/532 1494/2116/1860
f 1513/2157/1887 243/531/527 1517/534/530 1829/2161/1890
f 240/550/546 1481/2092/1842 1830/2162/1891 639/548/544
f 639/548/544 1830/2162/1891 1518/2163/1892 1142/545/541
f 1830/2162/1891 1519/2164/1893 1144/2165/1894 1518/2163/1892
f 1481/2092/1842 1122/2094/1844 1519/2164/1893 1830/2162/1891
f 1122/2094/1844 1484/2098/1848 1831/2166/1895 1519/2164/1893
f 1519/2164/1893 1831/2166/1895 1520/2167/1896 1144/2165/1894
f 1831/2166/1895 1521/2168/1454 1143/2169/493 1520/2167/1896
f 1484/2098/1848 1121/2100/1451 1521/2168/1454 1831/2166/1895
f 1142/545/541 1518/2163/1892 1832/2170/1897 1522/556/552
f 1522/556/552 1832/2170/1897 1523/2171/1898 1145/553/549
f 1832/2170/1897 1524/2172/1899 1147/2173/1900 1523/2171/1898
f 1518/2163/1892 1144/2165/1894 1524/2172/1899 1832/2170/1897
f 1144/2165/1894 1520/2167/1896 1833/2174/1901 1524/2172/1899
f 1524/2172/1899 1833/2174/1901 1525/2175/1902 1147/2173/1900
f 1833/2174/1901 1526/2176/1476 1146/2177/1474 1525/2175/1902
f 1520/2167/1896 1143/2169/493 1526/2176/1476 1833/2174/1901
f 1145/553/549 1523/2171/1898 1834/2178/1903 640/576/570
f 640/576/570 1834/2178/1903 1527/2179/1904 246/562/558
f 1834/2178/1903 1528/2180/1905 1149/2181/1906 1527/2179/1904
f 1523/2171/1898 1147/2173/1900 1528/2180/1905 1834/2178/1903
f 1147/2173/1900 1525/2175/1902 1835/2182/1907 1528/2180/1905
f 1528/2180/1905 1835/2182/1907 1529/2183/1908 1149/2181/1906
f 1835/2182/1907 1530/2184/1198 1148/2185/1110 1529/2183/1908
f 1525/2175/1902 1146/2177/1474 1530/2184/1198 1835/2182/1907
f 246/562/558 1527/2179/1904 1836/2186/1909 1531/560/556
f 1531/560/556 1836/2186/1909 1532/2187/1910 247/557/553
f 1836/2186/1909 1533/2188/1911 1151/2189/1912 1532/2187/1910
f 1527/2179/1904 1149/2181/1906 1533/2188/1911 1836/2186/1909
f 1149/2181/1906 1529/2183/1908 1837/2190/1913 1533/2188/1911
f 1533/2188/1911 1837/2190/1913 1534/2191/1914 1151/2189/1912
f 1837/2190/1913 1535/2192/1109 1150/2193/1370 1534/2191/1914
f 1529/2183/1908 1148/2185/1110 1535/2192/1109 1837/2190/1913
f 247/557/553 1532/2187/1910 1838/2194/1915 641/565/561
f 641/565/561 1838/2194/1915 1486/2102/1849 248/566/562
f 1838/2194/1915 1536/2195/1916 1153/2107/1854 1486/2102/1849
f 1532/2187/1910 1151/2189/1912 1536/2195/1916 1838/2194/1915
f 1151/2189/1912 1534/2191/1914 1839/2196/1917 1536/2195/1916
f 1536/2195/1916 1839/2196/1917 1490/2108/1855 1153/2107/1854
f 1839/2196/1917 1537/2197/1106 1152/2113/1105 1490/2108/1855
f 1534/2191/1914 1150/2193/1370 1537/2197/1106 1839/2196/1917
f 1133/537/533 1503/2135/1873 1840/2198/1918 1538/543/539
f 1538/543/539 1840/2198/1918 1479/2090/1840 249/544/540
f 1840/2198/1918 1539/2199/1919 1155/2095/1845 1479/2090/1840
f 1503/2135/1873 1135/2134/1872 1539/2199/1919 1840/2198/1918
f 1135/2134/1872 1499/2127/1867 1841/2200/1920 1539/2199/1919
f 1539/2199/1919 1841/2200/1920 1483/2096/1846 1155/2095/1845
f 1841/2200/1920 1540/2201/1407 1154/2101/1410 1483/2096/1846
f 1499/2127/1867 1134/2126/1408 1540/2201/1407 1841/2200/1920
f 241/567/563 1488/2104/1851 1842/2202/1921 1541/582/576
f 1541/582/576 1842/2202/1921 1493/2114/1858 250/580/574
f 1842/2202/1921 1542/2203/1922 1157/2119/1863 1493/2114/1858
f 1488/2104/1851 1124/2106/1853 1542/2203/1922 1842/2202/1921
f 1124/2106/1853 1491/2110/1857 1843/2204/1923 1542/2203/1922
f 1542/2203/1922 1843/2204/1923 1496/2120/1864 1157/2119/1863
f 1843/2204/1923 1543/2205/1472 1156/2125/1426 1496/2120/1864
f 1491/2110/1857 1123/2112/1418 1543/2205/1472 1843/2204/1923
f 1159/1580/1431 1544/2206/1924 1844/2207/1925 1545/1579/1430
f 1545/1579/1430 1844/2207/1925 1445/2040/1804 1098/1210/1065
f 1844/2207/1925 1546/2208/1926 1099/2045/1809 1445/2040/1804
f 1544/2206/1924 1160/2209/1927 1546/2208/1926 1844/2207/1925
f 1160/2209/1927 1547/2210/1928 1845/2211/1929 1546/2208/1926
f 1546/2208/1926 1845/2211/1929 1449/2046/1810 1099/2045/1809
f 1845/2212/1929 1548/1592/1443 1097/1596/1447 1449/2051/1810
f 1547/2213/1928 1158/1593/1444 1548/1592/1443 1845/2212/1929
f 1162/1560/1411 1549/2214/1930 1846/2215/1931 1550/1643/1494
f 1550/1643/1494 1846/2215/1931 1477/2089/1839 1104/1605/1456
f 1846/2215/1931 1551/2216/1932 1105/2086/1837 1477/2089/1839
f 1549/2214/1930 1163/2217/1933 1551/2216/1932 1846/2215/1931
f 1163/2217/1933 1552/2218/1934 1847/2219/1935 1551/2216/1932
f 1551/2216/1932 1847/2219/1935 1474/2087/1835 1105/2086/1837
f 1847/2220/1935 1553/1562/1413 1103/1561/1412 1474/2083/1835
f 1552/2221/1934 1161/1648/1499 1553/1562/1413 1847/2220/1935
f 1100/1568/1419 1454/2053/1814 1848/2222/1936 1554/1622/1473
f 1554/1622/1473 1848/2222/1936 1544/2206/1924 1159/1580/1431
f 1848/2222/1936 1555/2223/1937 1160/2209/1927 1544/2206/1924
f 1454/2053/1814 1102/2055/1816 1555/2223/1937 1848/2222/1936
f 1102/2055/1816 1457/2057/1818 1849/2224/1938 1555/2223/1937
f 1555/2223/1937 1849/2224/1938 1547/2210/1928 1160/2209/1927
f 1849/2225/1938 1556/1647/1498 1158/1593/1444 1547/2213/1928
f 1457/2059/1818 1101/1615/1466 1556/1647/1498 1849/2225/1938
f 1094/1552/1403 1435/2022/1791 1850/2226/1939 1557/1553/1404
f 1557/1553/1404 1850/2226/1939 1549/2214/1930 1162/1560/1411
f 1850/2226/1939 1558/2227/1940 1163/2217/1933 1549/2214/1930
f 1435/2022/1791 1096/2024/1793 1558/2227/1940 1850/2226/1939
f 1096/2024/1793 1438/2028/1797 1851/2228/1941 1558/2227/1940
f 1558/2227/1940 1851/2228/1941 1552/2218/1934 1163/2217/1933
f 1851/2229/1941 1559/1649/1500 1161/1648/1499 1552/2221/1934
f 1438/2030/1797 1095/1505/1358 1559/1649/1500 1851/2229/1941
f 1945/151/150 1880/1170/1026 982/1692/1536 1228/1334/1188
f 1946/1171/1027 1881/1172/1028 978/1549/1400 1226/1690/1534
f 1882/502/498 1947/1173/1029 1214/1668/1516 971/1627/1478
f 1947/1173/1029 1883/1174/1030 974/1665/1515 1214/1668/1516
f 1884/169/168 1949/1175/1031 1250/1744/1575 969/1348/1202
f 1949/1175/1031 1885/1176/1032 970/1742/1573 1250/1744/1575
f 1950/1177/1033 1886/1178/1034 968/1536/1388 1248/1740/1571
f 1887/254/252 1951/1179/1035 1279/1775/684 966/1240/1095
f 1951/1179/1035 1888/1180/1036 967/1778/1606 1279/1775/684
f 1952/1181/1037 1889/1182/1038 965/1782/1610 1282/1779/1607
f 928/1415/1268 1567/1414/1267 1852/2230/1942 1568/2231/1943
f 1568/2231/1943 1852/2230/1942 1283/1781/1609 965/1782/1610
f 1852/2230/1942 1295/1802/1626 1001/1712/1550 1283/1781/1609
f 1567/1414/1267 1007/1417/1270 1295/1802/1626 1852/2230/1942
f 1862/1185/1041 929/1301/1155 1172/1304/1158 1903/1186/1042
f 967/1778/1606 1888/1180/1036 1952/1181/1037 1282/1779/1607
f 970/1742/1573 1885/1176/1032 1950/1177/1033 1248/1740/1571
f 974/1665/1515 1883/1174/1030 1948/583/577 1212/1653/1504
f 982/1692/1536 1880/1170/1026 1946/1171/1027 1226/1690/1534
f 1193/1507/1360 952/1372/1226 1877/207/206 1944/520/516
f 1097/1596/1447 1893/449/445 1943/521/517 1451/1651/1502
f 1095/1505/1358 1890/349/347 1942/515/511 1559/1649/1500
f 1473/1646/1497 1103/1561/1412 1899/408/404 1940/511/507
f 1575/1630/1481 931/1211/1066 1863/8/8 1939/503/499
f 1458/1616/1467 1136/1652/1503 1898/586/580 1938/473/469
f 1107/1650/1501 1895/524/520 1936/452/448 1471/1599/1450
f 1118/1598/1449 1900/455/451 1934/444/440 1465/1595/1446
f 1113/2077/1445 1902/1187/443 1933/419/415 1468/1574/1425
f 1161/1648/1499 1892/518/514 1932/405/401 1553/1562/1413
f 1182/1510/1363 938/1231/1086 1856/1189/1044 1931/1188/1043
f 942/1245/1100 1182/1510/1363 1931/1188/1043 1857/1190/1045
f 1181/1457/1310 943/1295/1149 1859/107/106 1930/1191/1046
f 939/1355/1209 1181/1457/1310 1930/1191/1046 1858/1192/1047
f 942/1245/1100 1857/1190/1045 1928/253/251 1569/1243/1098
f 1180/1399/1253 941/1482/1335 1854/1193/1048 1927/236/235
f 1194/1373/1227 953/1398/1252 1878/235/234 1926/208/207
f 1191/1216/1071 944/1218/1073 1871/182/181 1925/206/205
f 1186/1542/1393 951/1309/1163 1861/1195/1050 1924/1194/1049
f 945/1236/1091 1186/1542/1393 1924/1194/1049 1860/1196/1051
f 1188/1371/1225 947/1350/1204 1872/185/184 1923/202/201
f 1189/1363/1217 935/1287/1141 1867/92/91 1922/192/191
f 1187/1361/1215 948/1362/1216 1874/191/190 1921/188/187
f 1183/1353/1207 939/1355/1209 1858/1192/1047 1920/186/185
f 1185/1359/1213 933/1283/1137 1865/84/83 1919/183/182
f 1184/1234/1089 945/1236/1091 1860/1196/1051 1918/1197/1052
f 938/1231/1086 1184/1234/1089 1918/1197/1052 1856/1189/1044
f 1573/1349/1203 929/1301/1155 1862/1185/1041 1917/170/169
f 1190/1499/1352 949/1370/1224 1875/201/200 1916/1198/1053
f 941/1482/1335 1190/1499/1352 1916/1198/1053 1854/1193/1048
f 1568/2231/1943 965/1782/1610 1889/1182/1038 1915/1199/1054
f 928/1415/1268 1568/2231/1943 1915/1199/1054 1853/1200/1055
f 1192/1312/1166 940/1314/1168 1855/1202/1057 1914/1201/1056
f 951/1309/1163 1192/1312/1166 1914/1201/1056 1861/1195/1050
f 1195/1365/1219 954/1367/1221 1879/519/515 1913/1203/1058
f 940/1314/1168 1195/1365/1219 1913/1203/1058 1855/1202/1057
f 1178/1300/1154 932/1285/1139 1866/88/87 1912/113/112
f 1179/1298/1152 928/1415/1268 1853/1200/1055 1911/109/108
f 968/1536/1388 1886/1178/1034 1910/104/103 1572/1296/1150
f 1176/1292/1146 950/1213/1068 1876/205/204 1909/103/102
f 1177/1288/1142 930/1266/1120 1864/65/64 1908/93/92
f 1174/1286/1140 946/1360/1214 1873/187/186 1907/89/88
f 1175/1284/1138 937/1297/1151 1869/108/107 1906/85/84
f 1579/1267/1121 978/1549/1400 1881/1172/1028 1905/66/65
f 1173/1212/1067 934/1289/1143 1868/102/101 1904/9/9
f 1172/1304/1158 936/1299/1153 1870/112/111 1903/1186/1042
f 288/147/146 213/150/149 531/587/581 781/590/584
